-- 表的结构：blog_article --
CREATE TABLE `blog_article` (
  `id` int(11) NOT NULL AUTO_INCREMENT,
  `title` varchar(40) NOT NULL,
  `content` text NOT NULL,
  `pic` varchar(50) NOT NULL,
  `uid` int(11) NOT NULL,
  `fid` int(11) NOT NULL,
  `ctime` int(11) NOT NULL,
  `edittime` int(11) NOT NULL,
  `view` int(11) NOT NULL,
  `Comment` int(11) NOT NULL,
  `type` int(11) NOT NULL,
  `status` int(11) NOT NULL,
  `mp3` varchar(200) NOT NULL,
  `pic2` varchar(50) NOT NULL,
  `biaoqian` varchar(20) NOT NULL,
  `pingfen` int(11) NOT NULL,
  PRIMARY KEY (`id`)
) ENGINE=MyISAM AUTO_INCREMENT=24 DEFAULT CHARSET=utf8;-- <xjx> --

-- 表的结构：blog_blogliuyan --
CREATE TABLE `blog_blogliuyan` (
  `id` int(11) NOT NULL AUTO_INCREMENT,
  `uid` int(11) NOT NULL,
  `name` varchar(30) NOT NULL,
  `tel` varchar(20) NOT NULL,
  `email` varchar(40) NOT NULL,
  `content` text NOT NULL,
  `ctime` int(11) NOT NULL,
  `ip` varchar(40) NOT NULL,
  PRIMARY KEY (`id`)
) ENGINE=MyISAM AUTO_INCREMENT=3 DEFAULT CHARSET=utf8;-- <xjx> --

-- 表的结构：blog_code --
CREATE TABLE `blog_code` (
  `id` int(11) NOT NULL AUTO_INCREMENT,
  `code` varchar(30) NOT NULL,
  `status` int(11) NOT NULL,
  `user` varchar(40) NOT NULL,
  PRIMARY KEY (`id`)
) ENGINE=MyISAM AUTO_INCREMENT=155 DEFAULT CHARSET=utf8;-- <xjx> --

-- 表的结构：blog_comment --
CREATE TABLE `blog_comment` (
  `id` int(11) NOT NULL AUTO_INCREMENT,
  `name` varchar(20) NOT NULL,
  `email` varchar(30) NOT NULL,
  `content` varchar(200) NOT NULL,
  `uid` int(11) NOT NULL,
  `replay` int(11) NOT NULL,
  `ctime` int(11) NOT NULL,
  `aid` int(11) NOT NULL,
  PRIMARY KEY (`id`)
) ENGINE=MyISAM AUTO_INCREMENT=43 DEFAULT CHARSET=utf8;-- <xjx> --

-- 表的结构：blog_email_set --
CREATE TABLE `blog_email_set` (
  `id` int(11) NOT NULL AUTO_INCREMENT,
  `smtpserver` varchar(200) NOT NULL COMMENT 'SMTP服务器',
  `smtpserverport` int(11) NOT NULL COMMENT 'SMTP服务器端口',
  `smtpusermail` varchar(200) NOT NULL COMMENT 'SMTP服务器的用户邮箱',
  `smtpuser` varchar(200) NOT NULL COMMENT 'SMTP服务器的用户帐号',
  `smtppass` varchar(200) NOT NULL COMMENT 'SMTP服务器的用户密码',
  `reg_set_admin` int(11) NOT NULL COMMENT '用户注册 管理员是否收到邮件 0是 1不是',
  `reg_set_user` int(11) NOT NULL COMMENT '用户注册 用户是否收到邮件 0是 1不是',
  `send_article_set` int(11) NOT NULL COMMENT '用户发表文章  管理员是否收到邮件 0是 1 不是',
  `comment_set` int(11) NOT NULL COMMENT '用户回复 管理员是否收到邮件 0是 1不是',
  `message_set` int(11) NOT NULL COMMENT '收到留言是否发邮件 0是 1不是',
  PRIMARY KEY (`id`)
) ENGINE=MyISAM AUTO_INCREMENT=2 DEFAULT CHARSET=utf8;-- <xjx> --

-- 表的结构：blog_email_type --
CREATE TABLE `blog_email_type` (
  `id` int(11) NOT NULL AUTO_INCREMENT,
  `reg_user_title` varchar(200) NOT NULL COMMENT '用户注册用户收到邮件的标题',
  `reg_user_content` text NOT NULL COMMENT '用户注册用户收到邮件的内容',
  `reg_admin_title` varchar(200) NOT NULL COMMENT '用户注册管理员收到邮件的标题',
  `reg_admin_content` text NOT NULL COMMENT '用户注册管理员收到邮件的内容',
  `send_article_title` varchar(200) NOT NULL COMMENT '用户发文章管理员收到邮件的标题',
  `send_article_content` text NOT NULL COMMENT '用户发文章管理员收到邮件的内容',
  `send_comment_title` varchar(200) NOT NULL COMMENT '用户评论管理员收到邮件的标题',
  `send_comment_content` text NOT NULL COMMENT '用户评论管理员收到邮件的内容',
  `send_message_title` varchar(200) NOT NULL COMMENT '用户收到留言用户邮件的标题',
  `send_message_content` text NOT NULL COMMENT '用户收到留言用户邮件内容',
  PRIMARY KEY (`id`)
) ENGINE=MyISAM AUTO_INCREMENT=2 DEFAULT CHARSET=utf8;-- <xjx> --

-- 表的结构：blog_fenlei --
CREATE TABLE `blog_fenlei` (
  `id` int(11) NOT NULL AUTO_INCREMENT,
  `name` varchar(30) NOT NULL,
  `fid` int(11) NOT NULL,
  `type` int(11) NOT NULL,
  PRIMARY KEY (`id`)
) ENGINE=MyISAM AUTO_INCREMENT=20 DEFAULT CHARSET=utf8;-- <xjx> --

-- 表的结构：blog_friendlink --
CREATE TABLE `blog_friendlink` (
  `id` int(11) NOT NULL AUTO_INCREMENT COMMENT '主键',
  `title` varchar(30) NOT NULL COMMENT '标题',
  `content` varchar(200) NOT NULL COMMENT '描述',
  `ctime` int(11) NOT NULL COMMENT '时间',
  `url` varchar(100) NOT NULL COMMENT '链接',
  `type` varchar(20) NOT NULL COMMENT '样式',
  PRIMARY KEY (`id`)
) ENGINE=MyISAM AUTO_INCREMENT=23 DEFAULT CHARSET=utf8mb4;-- <xjx> --

-- 表的结构：blog_gonggao --
CREATE TABLE `blog_gonggao` (
  `id` int(11) NOT NULL AUTO_INCREMENT,
  `title` varchar(30) NOT NULL,
  `content` varchar(220) NOT NULL,
  `ctime` int(11) NOT NULL,
  PRIMARY KEY (`id`)
) ENGINE=MyISAM AUTO_INCREMENT=4 DEFAULT CHARSET=utf8;-- <xjx> --

-- 表的结构：blog_jingli --
CREATE TABLE `blog_jingli` (
  `id` int(11) NOT NULL AUTO_INCREMENT,
  `status` varchar(10) NOT NULL,
  `username` varchar(30) NOT NULL,
  `password` varchar(32) NOT NULL,
  `kouling` varchar(11) NOT NULL,
  PRIMARY KEY (`id`)
) ENGINE=MyISAM AUTO_INCREMENT=2 DEFAULT CHARSET=utf8;-- <xjx> --

-- 表的结构：blog_liuyan --
CREATE TABLE `blog_liuyan` (
  `id` int(11) NOT NULL AUTO_INCREMENT,
  `color` varchar(10) NOT NULL,
  `ip` varchar(30) NOT NULL,
  `title` varchar(30) NOT NULL,
  `content` varchar(100) NOT NULL,
  `ctime` int(11) NOT NULL,
  `name` varchar(20) NOT NULL,
  PRIMARY KEY (`id`)
) ENGINE=MyISAM AUTO_INCREMENT=47 DEFAULT CHARSET=utf8;-- <xjx> --

-- 表的结构：blog_site --
CREATE TABLE `blog_site` (
  `id` int(11) NOT NULL AUTO_INCREMENT,
  `title` varchar(200) NOT NULL,
  `keywords` text NOT NULL,
  `description` text NOT NULL,
  `logo` varchar(200) NOT NULL,
  `articleSatus` int(11) NOT NULL COMMENT '0 无需审核 1 需要审核',
  `userStatus` int(11) NOT NULL COMMENT '0无需注册码 1需要注册码',
  `admin_email` varchar(100) NOT NULL,
  `set_content` varchar(50) NOT NULL,
  `name` varchar(50) NOT NULL,
  `statistics` text NOT NULL COMMENT '网站统计代码',
  PRIMARY KEY (`id`)
) ENGINE=MyISAM AUTO_INCREMENT=2 DEFAULT CHARSET=utf8;-- <xjx> --

-- 表的结构：blog_slides --
CREATE TABLE `blog_slides` (
  `id` int(11) NOT NULL AUTO_INCREMENT,
  `title` varchar(200) NOT NULL,
  `pic` varchar(200) NOT NULL,
  `url` varchar(100) NOT NULL,
  `ctime` int(11) NOT NULL,
  PRIMARY KEY (`id`)
) ENGINE=MyISAM AUTO_INCREMENT=3 DEFAULT CHARSET=utf8;-- <xjx> --

-- 表的结构：blog_user --
CREATE TABLE `blog_user` (
  `id` int(11) NOT NULL AUTO_INCREMENT,
  `email` varchar(40) NOT NULL,
  `password` varchar(32) NOT NULL,
  `ctime` int(11) NOT NULL,
  `lasttime` int(11) NOT NULL,
  `ip` varchar(50) NOT NULL,
  `status` int(11) NOT NULL,
  `truename` varchar(30) NOT NULL,
  `gonggao` int(11) NOT NULL,
  PRIMARY KEY (`id`)
) ENGINE=MyISAM AUTO_INCREMENT=14 DEFAULT CHARSET=utf8;-- <xjx> --

-- 表的结构：blog_userinfo --
CREATE TABLE `blog_userinfo` (
  `uid` int(11) NOT NULL,
  `pic` varchar(50) NOT NULL,
  `biaoqian` varchar(200) NOT NULL,
  `description` varchar(250) NOT NULL,
  `gexing` varchar(250) NOT NULL,
  `shanchangtitle1` varchar(30) NOT NULL,
  `shanchangtitle2` varchar(30) NOT NULL,
  `shanchangtitle3` varchar(30) NOT NULL,
  `shanchangtitle4` varchar(30) NOT NULL,
  `shanchangcontent1` varchar(250) NOT NULL,
  `shanchangcontent2` varchar(250) NOT NULL,
  `shanchangcontent3` varchar(250) NOT NULL,
  `shanchangcontent4` varchar(250) NOT NULL,
  `zuopintitle1` varchar(30) NOT NULL,
  `zuopintitle2` varchar(30) NOT NULL,
  `zuopintitle3` varchar(30) NOT NULL,
  `zuopintitle4` varchar(30) NOT NULL,
  `zuopincontent1` varchar(90) NOT NULL,
  `zuopincontent2` varchar(90) NOT NULL,
  `zuopincontent3` varchar(90) NOT NULL,
  `zuopincontent4` varchar(90) NOT NULL,
  `zuopinpic` varchar(255) NOT NULL,
  `geyan` varchar(100) NOT NULL,
  `pingjianan` varchar(200) NOT NULL,
  `pingjianv` varchar(200) NOT NULL,
  PRIMARY KEY (`uid`)
) ENGINE=MyISAM DEFAULT CHARSET=utf8;-- <xjx> --

-- 表的数据：blog_article --
INSERT INTO `blog_article` VALUES
('20','ASDASDASD','<p>里程密一直与你同在</p>','2016-01-06/568c135dc5119.jpg','1','2','1452020573','1452020573','1','0','0','1','','','','0'),
('21','asdasd','<p>里程密一直与你同在</p>','2016-01-06/568c1405a692a.jpg','1','2','1452020741','1452020741','1','0','0','1','','','','0'),
('17','啊实打实的阿萨德阿萨德','阿萨德安达市阿萨德阿萨德阿萨德\r\n\r\n                                    ','2015-12-02/565dcac1eb599.jpg','1','2','1448987329','1448987329','30','8','0','0','','','','0'),
('19','ASDASDASD','<p>里程密一直与你同在</p>','2016-01-06/568c133f61337.jpg','1','2','1452020543','1452020543','1','0','0','1','','','','0'),
('13','我在这里  你在哪里？','我在这里&nbsp; 你在哪里？我在这里&nbsp; 你在哪里？我在这里&nbsp; 你在哪里？我在这里&nbsp; 你在哪里？我在这里&nbsp; 你在哪里？我在这里&nbsp; 你在哪里？我在这里&nbsp; 你在哪里？我在这里&nbsp; 你在哪里？我在这里&nbsp; 你在哪里？我在这里&nbsp; 你在哪里？我在这里&nbsp; 你在哪里？我在这里&nbsp; 你在哪里？我在这里&nbsp; 你在哪里？\r\n\r\n                                    ','2015-08-12/55ca3a3d10f7f.jpg','1','12','1439316541','1439316541','26','5','0','0','','2015-08-12/55ca3a3d0f127.jpg','','0'),
('14','风景','风景风景风景风景风景风景风景风景风景风景风景风景风景风景风景风景风景风景风景风景风景风景风景风景风景风景风景风景风景风景风景风景风景风景风景风景风景风景风景风景风景风景风景风景风景风景风景风景风景风景风景风景风景风景风景风景风景风景风景风景风景风景风景风景风景风景风景风景风景风景风景\r\n\r\n                                    ','2015-08-12/55ca3cf198530.jpg','1','12','1439317233','1439317233','42','0','0','0','','2015-08-12/55ca3cf184bc5.jpg','','0'),
('15','哇哈哈哈哈哈哈哈','<img src=\"data:image/jpeg;base64,/9j/4QqqRXhpZgAATU0AKgAAAAgABwESAAMAAAABAAEAAAAAAAEAAAABAAAAYgEbAAUAAAABAAAAagEoAAMAAAABAAIAAAExAAIAAAAcAAAAcgEyAAIAAAAUAAAAjodpAAQAAAABAAAApAAAANAACvyAAAAnEAAAAEgAAAABQWRvYmUgUGhvdG9zaG9wIENTMyBXaW5kb3dzADIwMTI6MTI6MTcgMTE6NTQ6MTIAAAAAA6ABAAMAAAAB//8AAKACAAQAAAABAAAHgKADAAQAAAABAAAEsAAAAAAAAAAGAQMAAwAAAAEABgAAARoABQAAAAEAAAEeARsABQAAAAEAAAEmASgAAwAAAAEAAgAAAgEABAAAAAEAAAEuAgIABAAAAAEAAAl0AAAAAAAAAEgAAAABAAAASAAAAAH/2P/gABBKRklGAAECAABIAEgAAP/tAAxBZG9iZV9DTQAC/+4ADkFkb2JlAGSAAAAAAf/bAIQADAgICAkIDAkJDBELCgsRFQ8MDA8VGBMTFRMTGBEMDAwMDAwRDAwMDAwMDAwMDAwMDAwMDAwMDAwMDAwMDAwMDAENCwsNDg0QDg4QFA4ODhQUDg4ODhQRDAwMDAwREQwMDAwMDBEMDAwMDAwMDAwMDAwMDAwMDAwMDAwMDAwMDAwM/8AAEQgAZACgAwEiAAIRAQMRAf/dAAQACv/EAT8AAAEFAQEBAQEBAAAAAAAAAAMAAQIEBQYHCAkKCwEAAQUBAQEBAQEAAAAAAAAAAQACAwQFBgcICQoLEAABBAEDAgQCBQcGCAUDDDMBAAIRAwQhEjEFQVFhEyJxgTIGFJGhsUIjJBVSwWIzNHKC0UMHJZJT8OHxY3M1FqKygyZEk1RkRcKjdDYX0lXiZfKzhMPTdePzRieUpIW0lcTU5PSltcXV5fVWZnaGlqa2xtbm9jdHV2d3h5ent8fX5/cRAAICAQIEBAMEBQYHBwYFNQEAAhEDITESBEFRYXEiEwUygZEUobFCI8FS0fAzJGLhcoKSQ1MVY3M08SUGFqKygwcmNcLSRJNUoxdkRVU2dGXi8rOEw9N14/NGlKSFtJXE1OT0pbXF1eX1VmZ2hpamtsbW5vYnN0dXZ3eHl6e3x//aAAwDAQACEQMRAD8A6+vIB7q1XaFztWZ5q9Tl+ajMSGOOQF22WIzXrMqyJVuuyUgWQFutcitKqscrDCnApSJTokvOv8ZP1l6pRljoeE9+JU6ptt9zSWWWh5P6Kiz6TKGbP0r6/fZZ+i/m/wCdfGJJoLJzERZeR/xqmu3635D22tIZXUwgO3Q4M9zNrZ27XLjDCu3YD5Y5rhute5mwgiCPoe/6P6Rqpua5phwII5BTpCungqBBGhvq+gdD/wAbX1ixcfHw7MPHy6MWtlW6bGXOawBjXPuL7meo7b7n+ivS/qv9acP6y4DsrHY6i6lwZk4zyC6t5G4Q5v8AOVP/AMHavnzAvFWSzc4MreQ2xzgSGgn+cIYHP9n8hq+gPql9XsLofTQ3GuGW/L23W5bY22SP0Po7S/8AV21/zXvf++geHh8UXPjqhw1u7oKRKaVFzk1kU5yg6wIdlkID7U0lSZ1qC+5AfagPtTSUWnfcq1tyG+1V7LUN1pk//9B6rnK9RcdFn1tVuoJ0gHPgS6+PedFo03LFpMK/S9QyDbhJ16rFcqdIWVS9aFDtEollboVfO6Z07qNQqz8arKrbq1tzGvAJ7s3j2f2UZpWX9bOus6B9X8vqehtrZtx2mPdc/wDR0e0/S2vd6ln/AATHqQKOz5t/jK6N0voth+x5WPTVftP7JqEWscG7RkH32ey7dZusf9n/AJupn6ZecuducTwCSQPCU9llltj7bXmyyxxc97iS5zidznvc73Oc5RTrPVaIgXXVS7L6kf4xcr6uTh5zLM7ppgMrD/dQJmx2Ox/sfu/0LnV/8ZV+kXGpILn6V6P1vpvW+ns6h024XY7yWns5jx9Om6s+6u1n/Ufpa/0SsPfC8Y/xT9YtwvrIOnF36v1Njq3NPAtra67Hs/re2yj/AK+vXLbkyWilrrVWfchX3qo69M3WmVNp9yC+1Vn5HmgPyERFYZth9yr2XKu/I80B96eIMUsj/9FMKs1uVVisVp8nOiW7U5XKXqhWrdSik2YF0aX8LTx36BY1TitLGfoEwbs8S6jHLzb/AB19SIx+mdLaQQ91mVa3uNg9DHP/AILkL0Ot68j/AMcb9/1kpP8Ao8Kln+dZk2KWKSXgEkkkVKSSSSU6X1dyDide6ZlAx6WXS8/APZu/6K9xybtrnN8CR9y8AY81iuxv0mPJH9na4L3DLyWvJsadLPePg73/APfk2Y1C2UqCPIyNeVUfk+ar5GRqVUfenRg1J5dW6/J80B+R5qo65QNpTxBhllbLrkN1qAXlRLk4RWGb/9JVhWqwFQruCs13BPkC50JBv1qxWVRZcFYZaFGQWeMg363K/Q/RZNdqvU26KMhmiXVqf2HPZeI/4w8/7Z9ac8hxc2u41NJiNtP6s1jY/MY+u3/PXreR1NmBjXZr9W4tb7oJiSwF7Gf9cftYvAbrX22utscXPeS5zjyS47nH/OUmPY/YvOpHhqwSSSTkqSSSSUy/MPkfyj/zFep4+f6vT8V080Va/BjQvLB9F3xB/Ku36XkT0vE14qA/zSW/wToxtrc3PhiD406l10lANiC62VDepRFzpTtMXptyDuS3J1LeJNuS3IW5MXpUrif/08xlqsMu81mNsRWWq0YuIJkOtXerNd/msdlysMuUZgzRyuzVertd/t5WFXf5qHUPrDg9NqIvfvuiW49ZHqEfP21e39//AMEUUoNjHkvQNT6/9ZczFx+l1P8Adlu9XIbAP6Jjh6A3H6O/IY9//WV55aALHAcAkD5LT6v1K3q3Vr84tj1Xfoqx+ZVWNlNf/WqK/cssmST4o1QptQvr2WSSSQXqSSSSUyaJa/8Aqz+LV0/SLZ6dUP3S5v8A0nf3rmGckeLT+SV0XQXYj8F1dtjqbmvcWPI3VukNd6djW/paf+Ob63/Ff4RSYzr9GrzseLGPCQLo+on3qt6kGDyFIPU7mcJbG5LcgB6kHpKpLuTFyhvTFySKf//U5gWKbbVRFqkLVbcc4nRbcjMu81ltuRG3pLTAh12XrG+sOBfk3NyqB6m8NY4DsWja3d+79H6f0EZuQjNyDHKBiCuhkljNhyxjY3TcLJot3O6pdTpA9jWWNY70arI/SW+9/r7P3PT32Lnl03WshxwnumXBzdpOpBka/wCasmo9LzGBmQ44OV2yIL6Hf8fUwOyKP+Mp+0/+F61FkAFDwb/KzMhKZB9Utde3/cuekrWd0zMwCz7QwenbJpvrcLKrAPpGm+suqs2/n+79H/hFVUbZUkkkkplX9MDxkfeFodOt2VubPcH/AKLVnsMPafMI+M6J+X5IT4bhjyxuJDrtuRRas0WqYuU1tQ4nRFqkLVni5SF6NsZwt/1UvVVL1vNN6yVo9l//1eF9ykNywklaaBd8blMblzqSK0/R6Qb0Vu9cskkxS+judY3/AGQ+G9s/isRMkocvzfRvcp/N/Usvdt77Z+UpkySjbC6SZJJS45R6p3Oj/XVyrpJ8Nwtls3hKcSqCSlYi6I3KQ3LMSSWl1BKfVZSSK1//2f/tD+pQaG90b3Nob3AgMy4wADhCSU0EBAAAAAAABxwCAAACAAAAOEJJTQQlAAAAAAAQ6PFc8y/BGKGie2etxWTVujhCSU0ELwAAAAAAShgdAQBIAAAASAAAAAAAAAAAAAAA0AIAAEACAAAAAAAAAAAAABgDAABkAgAAAAHAAwAAsAQAAAEADycBADIALgBqAHAAZwAAAGcAOEJJTQPtAAAAAAAQAEgAAAABAAIASAAAAAEAAjhCSU0EJgAAAAAADgAAAAAAAAAAAAA/gAAAOEJJTQQNAAAAAAAEAAAAHjhCSU0EGQAAAAAABAAAAB44QklNA/MAAAAAAAkAAAAAAAAAAAEAOEJJTQQKAAAAAAABAAA4QklNJxAAAAAAAAoAAQAAAAAAAAACOEJJTQP1AAAAAABIAC9mZgABAGxmZgAGAAAAAAABAC9mZgABAKGZmgAGAAAAAAABADIAAAABAFoAAAAGAAAAAAABADUAAAABAC0AAAAGAAAAAAABOEJJTQP4AAAAAABwAAD/////////////////////////////A+gAAAAA/////////////////////////////wPoAAAAAP////////////////////////////8D6AAAAAD/////////////////////////////A+gAADhCSU0ECAAAAAAAEAAAAAEAAAJAAAACQAAAAAA4QklNBB4AAAAAAAQAAAAAOEJJTQQaAAAAAANzAAAABgAAAAAAAAAAAAAEsAAAB4AAAAAfAFYALQBmAG8AcgAtAFYAZQBuAGQAZQB0AHQAYQAtAGQAZQBzAGsAdABvAHAAcwBrAHkALQA3ADcAMQA2ADIAAAABAAAAAAAAAAAAAAAAAAAAAAAAAAEAAAAAAAAAAAAAB4AAAASwAAAAAAAAAAAAAAAAAAAAAAEAAAAAAAAAAAAAAAAAAAAAAAAAEAAAAAEAAAAAAABudWxsAAAAAgAAAAZib3VuZHNPYmpjAAAAAQAAAAAAAFJjdDEAAAAEAAAAAFRvcCBsb25nAAAAAAAAAABMZWZ0bG9uZwAAAAAAAAAAQnRvbWxvbmcAAASwAAAAAFJnaHRsb25nAAAHgAAAAAZzbGljZXNWbExzAAAAAU9iamMAAAABAAAAAAAFc2xpY2UAAAASAAAAB3NsaWNlSURsb25nAAAAAAAAAAdncm91cElEbG9uZwAAAAAAAAAGb3JpZ2luZW51bQAAAAxFU2xpY2VPcmlnaW4AAAANYXV0b0dlbmVyYXRlZAAAAABUeXBlZW51bQAAAApFU2xpY2VUeXBlAAAAAEltZyAAAAAGYm91bmRzT2JqYwAAAAEAAAAAAABSY3QxAAAABAAAAABUb3AgbG9uZwAAAAAAAAAATGVmdGxvbmcAAAAAAAAAAEJ0b21sb25nAAAEsAAAAABSZ2h0bG9uZwAAB4AAAAADdXJsVEVYVAAAAAEAAAAAAABudWxsVEVYVAAAAAEAAAAAAABNc2dlVEVYVAAAAAEAAAAAAAZhbHRUYWdURVhUAAAAAQAAAAAADmNlbGxUZXh0SXNIVE1MYm9vbAEAAAAIY2VsbFRleHRURVhUAAAAAQAAAAAACWhvcnpBbGlnbmVudW0AAAAPRVNsaWNlSG9yekFsaWduAAAAB2RlZmF1bHQAAAAJdmVydEFsaWduZW51bQAAAA9FU2xpY2VWZXJ0QWxpZ24AAAAHZGVmYXVsdAAAAAtiZ0NvbG9yVHlwZWVudW0AAAARRVNsaWNlQkdDb2xvclR5cGUAAAAATm9uZQAAAAl0b3BPdXRzZXRsb25nAAAAAAAAAApsZWZ0T3V0c2V0bG9uZwAAAAAAAAAMYm90dG9tT3V0c2V0bG9uZwAAAAAAAAALcmlnaHRPdXRzZXRsb25nAAAAAAA4QklNBCgAAAAAAAwAAAABP/AAAAAAAAA4QklNBBEAAAAAAAEBADhCSU0EFAAAAAAABAAAAAE4QklNBAwAAAAACZAAAAABAAAAoAAAAGQAAAHgAAC7gAAACXQAGAAB/9j/4AAQSkZJRgABAgAASABIAAD/7QAMQWRvYmVfQ00AAv/uAA5BZG9iZQBkgAAAAAH/2wCEAAwICAgJCAwJCQwRCwoLERUPDAwPFRgTExUTExgRDAwMDAwMEQwMDAwMDAwMDAwMDAwMDAwMDAwMDAwMDAwMDAwBDQsLDQ4NEA4OEBQODg4UFA4ODg4UEQwMDAwMEREMDAwMDAwRDAwMDAwMDAwMDAwMDAwMDAwMDAwMDAwMDAwMDP/AABEIAGQAoAMBIgACEQEDEQH/3QAEAAr/xAE/AAABBQEBAQEBAQAAAAAAAAADAAECBAUGBwgJCgsBAAEFAQEBAQEBAAAAAAAAAAEAAgMEBQYHCAkKCxAAAQQBAwIEAgUHBggFAwwzAQACEQMEIRIxBUFRYRMicYEyBhSRobFCIyQVUsFiMzRygtFDByWSU/Dh8WNzNRaisoMmRJNUZEXCo3Q2F9JV4mXys4TD03Xj80YnlKSFtJXE1OT0pbXF1eX1VmZ2hpamtsbW5vY3R1dnd4eXp7fH1+f3EQACAgECBAQDBAUGBwcGBTUBAAIRAyExEgRBUWFxIhMFMoGRFKGxQiPBUtHwMyRi4XKCkkNTFWNzNPElBhaisoMHJjXC0kSTVKMXZEVVNnRl4vKzhMPTdePzRpSkhbSVxNTk9KW1xdXl9VZmdoaWprbG1ub2JzdHV2d3h5ent8f/2gAMAwEAAhEDEQA/AOvryAe6tV2hc7VmeavU5fmozEhjjkBdtliM16zKsiVbrslIFkBbrXIrSqrHKwwpwKUiU6JLzr/GT9ZeqUZY6HhPfiVOqbbfc0llloeT+ios+kyhmz9K+v32Wfov5v8AnXxiSaCycxEWXkf8aprt+t+Q9trSGV1MIDt0ODPcza2du1y4wwrt2A+WOa4brXuZsIIgj6Hv+j+kaqbmuaYcCCOQU6Qrp4KgQRob6voHQ/8AG19YsXHx8OzDx8ujFrZVumxlzmsAY1z7i+5nqO2+5/or0v6r/WnD+suA7Kx2OoupcGZOM8gureRuEOb/ADlT/wDB2r58wLxVks3ODK3kNsc4EhoJ/nCGBz/Z/IavoD6pfV7C6H00Nxrhlvy9t1uW2Ntkj9D6O0v/AFdtf8173/voHh4fFFz46ocNbu6CkSmlRc5NZFOcoOsCHZZCA+1NJUmdagvuQH2oD7U0lFp33KtbchvtVey1DdaZP//Qeq5yvUXHRZ9bVbqCdIBz4Euvj3nRaNNyxaTCv0vUMg24SdeqxXKnSFlUvWhQ7RKJZW6FXzumdO6jUKs/Gqyq26tbcxrwCe7N49n9lGaVl/WzrrOgfV/L6noba2bcdpj3XP8A0dHtP0tr3epZ/wAEx6kCjs+bf4yujdL6LYfseVj01X7T+yahFrHBu0ZB99nsu3WbrH/Z/wCbqZ+mXnLnbnE8AkkDwlPZZZbY+215ssscXPe4kuc4nc573O9znOUU6z1WiIF11Uuy+pH+MXK+rk4ecyzO6aYDKw/3UCZsdjsf7H7v9C51f/GVfpFxqSC5+lej9b6b1vp7OodNuF2O8lp7OY8fTpurPurtZ/1H6Wv9ErD3wvGP8U/WLcL6yDpxd+r9TY6tzTwLa2uux7P63tso/wCvr1y25Mlopa61Vn3IV96qOvTN1plTafcgvtVZ+R5oD8hERWGbYfcq9lyrvyPNAfeniDFLI//RTCrNblVYrFafJzolu1OVyl6oVq3UopNmBdGl/C08d+gWNU4rSxn6BMG7PEuoxy82/wAdfUiMfpnS2kEPdZlWt7jYPQxz/wCC5C9DrevI/wDHG/f9ZKT/AKPCpZ/nWZNilikl4BJJJFSkkkklOl9Xcg4nXumZQMell0vPwD2bv+ivccm7a5zfAkfcvAGPNYrsb9JjyR/Z2uC9wy8lrybGnSz3j4O9/wD35NmNQtlKgjyMjXlVH5Pmq+RkalVH3p0YNSeXVuvyfNAfkeaqOuUDaU8QYZZWy65DdagF5US5OEVhm//SVYVqsBUK7grNdwT5AudCQb9asVlUWXBWGWhRkFnjIN+tyv0P0WTXar1NuijIZol1an9hz2XiP+MPP+2fWnPIcXNruNTSYjbT+rNY2PzGPrt/z163kdTZgY12a/VuLW+6CYksBexn/XH7WLwG619trrbHFz3kuc48kuO5x/zlJj2P2LzqR4asEkkk5KkkkklMvzD5H8o/8xXqePn+r0/FdPNFWvwY0LywfRd8Qfyrt+l5E9LxNeKgP80lv8E6Mba3Nz4Yg+NOpddJQDYgutlQ3qURc6U7TF6bcg7ktydS3iTbktyFuTF6VK4n/9PMZarDLvNZjbEVlqtGLiCZDrV3qzXf5rHZcrDLlGYM0crs1Xq7Xf7eVhV3+ah1D6w4PTaiL377oluPWR6hHz9tXt/f/wDBFFKDYx5L0DU+v/WXMxcfpdT/AHZbvVyGwD+iY4egNx+jvyGPf/1leeWgCxwHAJA+S0+r9St6t1a/OLY9V36KsfmVVjZTX/1qiv3LLJkk+KNUKbUL69lkkkkF6kkkklMmiWv/AKs/i1dP0i2enVD90ub/ANJ3965hnJHi0/kldF0F2I/BdXbY6m5r3FjyN1bpDXenY1v6Wn/jm+t/xX+EUmM6/Rq87HixjwkC6PqJ96repBg8hSD1O5nCWxuS3IAepB6SqS7kxcob0xckin//1OYFim21URapC1W3HOJ0W3IzLvNZbbkRt6S0wIddl6xvrDgX5NzcqgepvDWOA7Fo2t3fu/R+n9BGbkIzcgxygYgroZJYzYcsY2N03CyaLdzuqXU6QPY1ljWO9GqyP0lvvf6+z9z099i55dN1rIccJ7plwc3aTqQZGv8AmrJqPS8xgZkOODldsiC+h3/H1MDsij/jKftP/hetRZABQ8G/yszISmQfVLXXt/3LnpK1ndMzMAs+0MHp2yab63CyqwD6RpvrLqrNv5/u/R/4RVVG2VJJJJKZV/TA8ZH3haHTrdlbmz3B/wCi1Z7DD2nzCPjOifl+SE+G4Y8sbiQ67bkUWrNFqmLlNbUOJ0RapC1Z4uUhejbGcLf9VL1VS9bzTeslaPZf/9XhfcpDcsJJWmgXfG5TG5c6kitP0ekG9FbvXLJJMUvo7nWN/wBkPhvbP4rETJKHL830b3Kfzf1LL3be+2flKZMko2wukmSSUuOUeqdzo/11cq6SfDcLZbN4SnEqgkpWIuiNykNyzEklpdQSn1WUkitf/9k4QklNBCEAAAAAAFUAAAABAQAAAA8AQQBkAG8AYgBlACAAUABoAG8AdABvAHMAaABvAHAAAAATAEEAZABvAGIAZQAgAFAAaABvAHQAbwBzAGgAbwBwACAAQwBTADMAAAABADhCSU0EBgAAAAAABwAEAQEAAQEA/9sAQwABAQEBAQEBAQEBAQEBAQEBAQEBAQEBAQEBAQEBAQEBAQEBAQEBAQEBAQEBAQEBAQEBAQEBAQEBAQEBAQEBAQEB/9sAQwEBAQEBAQEBAQEBAQEBAQEBAQEBAQEBAQEBAQEBAQEBAQEBAQEBAQEBAQEBAQEBAQEBAQEBAQEBAQEBAQEBAQEB/8AAEQgEsAeAAwEiAAIRAQMRAf/EAB8AAAEFAQEBAQEBAAAAAAAAAAABAgMEBQYHCAkKC//EALUQAAIBAwMCBAMFBQQEAAABfQECAwAEEQUSITFBBhNRYQcicRQygZGhCCNCscEVUtHwJDNicoIJChYXGBkaJSYnKCkqNDU2Nzg5OkNERUZHSElKU1RVVldYWVpjZGVmZ2hpanN0dXZ3eHl6g4SFhoeIiYqSk5SVlpeYmZqio6Slpqeoqaqys7S1tre4ubrCw8TFxsfIycrS09TV1tfY2drh4uPk5ebn6Onq8fLz9PX29/j5+v/EAB8BAAMBAQEBAQEBAQEAAAAAAAABAgMEBQYHCAkKC//EALURAAIBAgQEAwQHBQQEAAECdwABAgMRBAUhMQYSQVEHYXETIjKBCBRCkaGxwQkjM1LwFWJy0QoWJDThJfEXGBkaJicoKSo1Njc4OTpDREVGR0hJSlNUVVZXWFlaY2RlZmdoaWpzdHV2d3h5eoKDhIWGh4iJipKTlJWWl5iZmqKjpKWmp6ipqrKztLW2t7i5usLDxMXGx8jJytLT1NXW19jZ2uLj5OXm5+jp6vLz9PX29/j5+v/aAAwDAQACEQMRAD8A/pj3n0H6/wCNWUk6HPrg4/pj/P61lpJ14+oz/L+vFSpJ34+vY+3/ANevy85zV833X8//AK9SJIc+/wCh/wA/564rM3n0H6/41ZSToc+uDj+mP8/rQBs7x6H9P8am3n0H6/41k7x6H9P8an8z2/X/AOtQVGXLfS9zTST8/T1+n+fzq0kn5enp9P8AP5VjJJ14+oz/AC/rxVpJBj2/Uf5/z0xQbGnvHof0/wAatpJ14+oz/L+vFZaSdDn1wcf0x/n9alST8vT0+n+fyoA16m833b8//r1RSTrx9Rn+X9eKlTofr/QUFRly30vcvx9/w/rVpJDn3/Q/5/z1xVCHqPqf5VL5nt+v/wBaugr2nl+P/AL6dT9P6ipfN/2v0/8ArVXqTzPb9f8A61AVOnz/AELO8eh/T/GrdZ6SdePqM/y/rxUqSd+Pr2Pt/wDXrSn1+X6mZp1YrPqxWhUZct9L3Lnme36//WqzvHof0/xqlUnme36//WoNi5U3m+7fn/8AXqtvHof0/wAafWntPL8f+ABc8z2/X/61SVV833b8/wD69TJJ0OfXBx/TH+f1rQCzvHof0/xq3VHzfdfz/wDr1NQVGPNfW1i6knfj69j7f/Xp9V6l3j0P6f410BKPLbW9y3SQ9R9T/KoKsUElipU6H6/0FVvM9v1/+tUlbRlzX0tYC2knfn69x7f/AF6lqpvHof0/xqZJO/P17j2/+vVAXasVn1LvHof0/wAaqMuW+l7gW6KKK0jLmvpawFmHoPof51PWfVrzfdfz/wDr1QFlJO/P17j2/wDr1LVenpJ35+vce3/16AJUk68fUZ/l/XirFV6l3j0P6f410ATbz6D9f8alqvRUxlzX0tYCxUiSdDn1wcf0x/n9ajoqgLFFRx9/w/rUlAFiiofN91/P/wCvU1AEnme36/8A1qkqvViugCVOh+v9BT6r1YoAckgx7fqP8/56Yqaok6n6f1FS0AWKlTofr/QVWj7/AIf1qSgCxT06n6f1FQp0P1/oKfXQBYog7/j/AEoooAsU9Op+n9RTKKqMuW+l7gWKKiTqfp/UVLWkY8t9b3M6nT5/oSR9/wAP61JUcff8P61JVFRlzX0tYKKKKCfZ+f4f8EKsVXp3m+6/n/8AXoJjLlvpe5Ikhz7/AKH/AD/nrikfoPr/AENRzdD9B/OpE6H6/wBBWfs/P8P+CV7Ty/H/AIA+imRy7P8AP/1/r7U+tAp9fl+oxOh+v9BT6r1YrGMea+trEylzW0tYKKY/QfX+hqKq9n5/h/wTYlTofr/QUbx6H9P8afTE6H6/0FTKPLbW9ypS5raWsK/7wZ49B1HHcetOqD/ppx19/wDe6en61N5ox5n+enT6Y/H8aqp0+f6EiPIc+/6D/P8AnpinVXrQoqdPn+hMo81tbWCiok6n6f1FIv8Ax8fl/JazJp9fl+oqdT9P6iobroPp/UVM/UfT+pqJ5Dn3/Qf5/wA9MUBT6/L9R1Z9WXk/L09fr/n86ov1H0/qa6DQR5Bj2/U/5/z1xUfmD/WY56e2MZ/LHtn+dWqz3/8AJr8evv8A5z071nU6fP8AQCXePQ/p/jX4+f8ABbr9uNP2KP2I/G154bvTafF741f2z8MPhXjpYazqOnkajrpHJxomlEMemW2/3SD+vL9R9P6mv4hP+Do3x3qU/wC0z+z94EuwP+EX8L/B7WPFNnZYHOs6jru3+0D74AXnoAB2FepkeHpYrNqPtY3u7x/u6xuttbtJ9Pht1Ph+O84eScN43F83J7Xlwil2nXvydH/K+3qfx1/GC7F5aD7Td5vut+M4zq45I9Rxzjp39a+E9eszbzb7z/l8P/H7j9fccD06Yr7O8T2/9oaqJJLy/wD9MsQf+4OeOv5d+frXyV4ys/LK/Zz9ptbQjLHtnjOeuACQf0r9QznCc2HcLc/sqNOnfbSN/etrbmvtfS27vdfLeH9SNGn7KbtUl7LmX8tnPr9pO9ulrbO7t5tRRRX5xiVafLvytq/e6i9un3n6yFFFFYSjy21vcAopmwep/T/Cn1ygFV6sUVUY819bWAKKhT7w/H+Ro833X8//AK9SBNRUPm+6/n/9eh/vH8P5CgBtTw9R9T/KovN91/P/AOvSJJ+Xp6fT/P5Vp7Ty/H/gAT01Izn3/Qf5/wA9M1H++/2f0qaswIfN91/P/wCvU1JN1P1H8qWtKfX5fqB/SR/wa+/tqj9k7/gpd4J8Ea7q/wDZnw5/alsR8IPFX24E2o8RsDqHw81HOPlA8VnZng5kA6E1/rIJGY4T/npzj/OfrX+Cp4P8Xa74F8WeHPGnhu8lsPEfhDW7HxNol9Ykf8S28029Gojkg8AqPTj5TxX+2b/wTj/aw0P9tv8AYj/Zz/aZ0i8trm6+Jvw48O3/AIpUHP8AZ/jzTgPDnjOwZcZVl8V6ZqaqAcEE9zgZ1o/av8vuRztXk5fzWVu3Krb9b3Xb8j7eoq0/7sg8+3TOaq1x/H5W+e/3djoC6/i/H/2aj/ll/n+7Ur9B9f6Gn1mAxOh+v9BUv+s9Onv0z/Pmov8Aphx168/5x26571Enye/XPb/PStpS5baXuAUVYpm8eh/T/GiMua+lrAS/6z06e/TP8+aq/wCr9sfr/jn/ADjFFS7x6H9P8axAiooooAKKiceVzz79D6fh3FS0AFFFVE6H6/0FafxaqXw81vO1uWPlfe5pT6/L9Q3j0P6f40+iq9Hwed/lt9/cPZ+f4f8ABJnkOff9B/n/AD0xTqa8Zz7/AKH/AD/nrmoaPZ+f4f8ABJjLlvpe5LvHof0/xp3+s/ec9j+vHv8A55qFJPy9PT6f5/Kp6PZ+f4f8Eqp0+f6Fio/M9v1/+tUG8eh/T/Gn1Mo8ttb3D2nl+P8AwB6dT9P6ipfM8z8P1z+J9KiTqfp/UUv+jf5xUkOUpfE7220t2v8Akv6ZJ+4/zvoooraUuW2l7iJd49D+n+NCdD9f6CoqKIy5r6WsBYoqvUr9B9f6GpqdPn+gD6cn7wk8+/TOaq+Z5f4/pj8R60J+8+53zjPb6/5/Lmj2nl+P/AAszdD9B/OkqvVij2nl+P8AwAGP0H1/oaiqV+g+v9DUVaAWKr0UUAFH+s98/p/hj/Oc0UVzgRP1H0/qaloqpvHof0/xrSn1+X6gD9B9f6Gn0UxOh+v9BWhUZct9L3I5uh+g/nSUs3Q/QfzpKz9p5fj/AMAIx5r62sFFFV6KfX5fqbBRRRWZMY8t9b3Cq9WKr0FBVd5OnH0Gf5/049aleTvx9ew9v/r1FQAUUVH5nt+v/wBagA8z2/X/AOtUdFFZ+08vx/4ABUnme36//WqDePQ/p/jUVTKXNbS1gJd49D+n+NRVH5nt+v8A9ajzPb9f/rVIB5nt+v8A9ajzPb9f/rVHRQAUVFvPoP1/xplAD959B+v+NMpm8eh/T/Gn0AM3j0P6f41FRVTePQ/p/jWftPL8f+ABP5nt+v8A9ao6Kr1Mpc1tLWAl3j0P6f41FRUfme36/wD1qkCSo/M9v1/+tUPm+7fn/wDXpm8+g/X/ABoAlqvRVd5OnH0Gf5/049amUuW2l7gDydOPoM/z/px61H5nt+v/ANajzPb9f/rVBvHof0/xrEBXkOff9B/n/PTFQ1H5nt+v/wBao6mUuW2l7gFRbz6D9f8AGjefQfr/AI1C8nfj69h7f/XrOUua2lrAPqv5v+1+n/1qHk6cfQZ/n/Tj1qJ5O/P17n2/+vUgL5nt+v8A9aoXkOff9B/n/PTFJvHof0/xqt5nt+v/ANagCSq9FRbz6D9f8az9p5fj/wAAA3n0H6/40ymbx6H9P8areZ7fr/8AWrMCSo/M9v1/+tULyHPv+g/z/npiqrydTn6nH9Mf5/WucCV5Py9PX6/5/Oqryfn6en1/z+VDyfn6en1/z+VQUAP3n0H6/wCNQ7x6H9P8aiqPzPb9f/rVMpcttL3AR+o+n9TTKa8hz7/oP8/56YqPzfdfz/8Ar1iAeb7r+f8A9eoXk6nP1OP6Y/z+tDydTn6nH9Mf5/WqDyd+Pr2Ht/8AXoJlLltpe4PJ34+vYe3/ANeonk6cfQZ/n/Tj1oeTpx9Bn+f9OPWqm8eh/T/GplLltpe5iPqnJ2/H+lHme36//WqJ5Pz9PT6/5/Ks5S5raWsAPJ+fp6fX/P5VV3j0P6f40PJ34+vYe3/16reZ7fr/APWqQIpup+o/lVSTt+P9KleT8vT1+v8An86qeb7t+f8A9esZR5ba3uZ1Onz/AEI3kGPb9T/n/PXFUH6j6f1NDyd+fr3Pt/8AXqJ5Dn3/AEH+f89MVJmRTdD9B/OqDyDHt+p/z/nrirTydTn6nH9Mf5/Wsu5k9f8APQ4/l29aDOp0+f6A8nTj6DP8/wCnHrVV5Dn3/Qf5/wA9MUPIc+/6D/P+emKoPJ+fp6fX/P5UGZKknQ59cHH9Mf5/WrSXH1/r788f1rG3j0P6f41aST8/T1+n+fzoM/aeX4/8A2fP9v0/+vUqSd+Pr2Pt/wDXrGSToc+uDj+mP8/rVpJDn3/Q/wCf89cUG0Zct9L3N5JOhz64OP6Y/wA/rU3m+6/n/wDXrFS47/5+nT+Y981aSQY9v1H+f89MUGkZc19LWNPePQ/p/jWhvHof0/xrGSToc+uDj+mP8/rU3m+6/n/9egovJJ14+oz/AC/rxV9JPz9PX6f5/OsZJDn3/Q/5/wA9cVaSTrx9Rn+X9eKDaMua+lrG15vuv5//AF6kSQ59/wBD/n/PXFUEk/P09fp/n86lSToc+uDj+mP8/rQUbO8eh/T/ABqVJBj2/Uf5/wA9MVlpIc+/6H/P+euKtJJ14+oz/L+vFdAF7zfdvz/+vUySdDn1wcf0x/n9aqpIMe36j/P+emKk833b8/8A69AGlVhJOvH1Gf5f14rL8z2/X/61Wd49D+n+NAGgknfj69j7f/XqVJBj2/Uf5/z0xVHzPb9f/rVZ3j0P6f41UZct9L3NPaeX4/8AANRJPy9PT6f5/KpN49D+n+NZqdT9P6irMff8P61saGh5nt+v/wBapKqbx6H9P8afQBp7z6D9f8aN59B+v+NZ6Sd+fr3Ht/8AXrQ3n0H6/wCNVGXLfS9wLPme36//AFqm833X8/8A69U0+6Px/mam8z2/X/61bAWd49D+n+NW6oJJ+Xp6fT/P5VJvHof0/wAaqMuW+l7mlSpz20ta/W+9vJdjQ3j0P6f40+q9S7x6H9P8a2My3Unme36//WqnVigCxUySHPv+h/z/AJ64qr5nt+v/ANapK2jLmvpawFzzPb9f/rVJVVJDn3/Q/wCf89cVKnU/T+oqgLW8eh/T/Gn1Xog7/j/SgC3vPoP1/wAalqvT959B+v8AjW0Zc19LWAvQ9B9D/OpN49D+n+NUqsVQFzzPb9f/AK1SVXqTzPb9f/rVUZct9L3Asp0P1/oKfVeiqp9fl+oFirFV6K0AsVJH3/D+tR0UAWKVJPy9PT6f5/Kokk6HPrg4/pj/AD+tSUAWKSHqPqf5UQ9R9T/KloAsVKnQ/X+gqqnU/T+oqWugCxViqidD9f6Cn0AWKsVXqSPv+H9aALKdD9f6Cn1XqxWlPr8v1AsQd/x/pRUSdT9P6ipa0AlTofr/AEFPqvB3/H+lWKAH2vU/X+hqWok6n6f1FS1pUqcltL3v1ttbyfcmMua+lrBViq9SeZ7fr/8AWqoy5r6WsZxly30vckoqPzPb9f8A61Sw9B9D/OqK9p5fj/wBKKKd5vuv5/8A16DMmoqvSw9B9D/OgCeiiig0p9fl+pXqV+g+v9DUVFBmFWKr0UGlTp8/0Heb7r+f/wBejyvZfy/+tTaWHoPof51Mo81tbWCn1+X6k9FQ+b7r+f8A9em1NPr8v1NCxRUA/ef6P78/y6/n/wDW60vley/l/wDWrQCarFV6KmUea2trANfP+r9ffj/HoP8APNRf6z0II9xwD+fX/OKkfoPr/Q1G/wBnwP1/z0/P8O9TT6/L9TOn1+X6hN0P0H86ov1H0/qasydvx/pVOiorQcv5WlbvzO2/lbsaFeft+H9aif7RH6fy/H+n5VLVV5Dn3/Qf5/z0xWYCbx6H9P8AGv4Y/wDg5etxH+2x8PrySzv83nwQsxYY/wCYljXj+eDnPcHg1/cm/wDz0x7/ANfX6cV/Ef8A8HRFvb6f+0z8B9Qt+t58HbzT7/6f8Jb3P6/qDX03BKjLPsNGUb3vZ32t5W1vp1W3U/JfF7XhWo++Nws//AL6fO+/Tsz+PPxP+7v7o/Y/tVrZ/wDEv9ef8njJ/Ovkbxvp9zHDdXn/AB62328D16en+elfa/jzTzJf/wBqW95Y/abw59vyGf8AD618e/EqMWwu4LA/uv8Al9+3D/ian2P4YPfrnnrX6nmTthZtK7VrL/t5Hynh7iVLEUE58229kr2d9m73e3y7nhd1/F+P/s1V6sXX8X4/+zVn1+X4+PPOUb2vFK9r20T2uvzP3uMeW+t7liioth9R+v8AhTtg9T+n+FcEo8ttd/8AgFDpup+o/lSJIc+/6H/P+euKdRXKAUzePQ/p/jRvHof0/wAafQBB/q/QAD3PBP59f84qeiigAoooqox5r62sBXoqxRVVOnz/AEASHqPqf5UtFFZWq/8APtf+B/8A2vn+fZgFFFJD1H1P8qYBD1H1P8q/0Dv+DMr9uGO/8M/HP9gDxfqrfa9Bvh8d/g/ZXu1saRqZ03TPiJomnBwoCpqjabrTDJJ/4SRiCQQtf5+MPUfU/wAq/Sv/AIJIfteXX7Dv/BQf9mn9oMz3tt4c0H4iaN4X+IlnYMSdS8B+Mh/wjviNCWIB2o39rfdwWjUIcZ3afHS9lta2u99EttP5e/XyJlHmtra3/AP9q7/We+f0/wAMf5zmpdg9T+n+FYWk6pp2uafaavpNwLrTdSsrW/sb2zZcvZ6gft4bjIG8bTwMgNggMSK3f+unrx6+/T/Pr2rz/ZyXxe7tbr0T8u5Kq03vJr5X/X+tezDYPU/p/hRvHof0/wAaioqox5b63uaXi/hlfv5XSa/MlTofr/QVF/q/bH6/45/zjFFFTU6fP9CpS5raWsFFFFaFU+vy/UKKKKzqdPn+hmS7B6n9P8KreZ7fr/8AWpH6j6f1NS1maU+vy/UKqP0H1/oaH6D6/wBDUVBUpcttL3LFQf8AXP8AD0689O31/GkqvXQUWfM8z+f+Hc/5/CkqPy/f9P8A69R0AWKd5vuv5/8A16q1FvPoP1/xoAvPJ+Xp6/X/AD+dJUf/AE7/APj36f5/P2oj7/h/Ws/Z+f4f8ECX/rn+Hp156dvr+NJUf3PfP4dPz9aPM9v1/wDrVUY8t9b3JlLltpe5aSQ59/0P+f8APXFSpJ35+vce3/16qw9B9D/OpN49D+n+NYk1Onz/AELdFV6f+XlY/wA++M/5xWlTp8/0Cp0+f6EtFFRf6RH9c/U5/lx+n1op9fl+pmWk6H6/0FRVH5nt+v8A9akfqPp/U1Uo81tbWKlLmtpaxLRUT9R9P6mpaqpT2179PTzJCpU6H6/0FVeYz2xj6dP5Y/L+ktZ1Onz/AEAKKKKKnT5/oBE/UfT+poTqfp/UVLRWgBRUfme36/8A1qkrnAKr0UzePQ/p/jWlPr8v1KjLlvpe5FRRRWgRjzX1tYd5vuv5/wD16PN91/P/AOvVWiuckKKKKDoCiot59B+v+NMoAKZvHof0/wAaN49D+n+NRUAFFR+Z7fr/APWqOgAoopm8eh/T/Gs6nT5/oAbx6H9P8aioqPzPb9f/AK1ZgSVH5nt+v/1qjooAKKi3n0H6/wCNMoAfvPoP1/xplMeTvx9ew9v/AK9G8eh/T/GplLltpe4BvHof0/xp9U/M9v1/+tUjydOPoM/z/px61PtPL8f+ABH5nt+v/wBajzPb9f8A61R0zePQ/p/jUylzW0tYB9Q+b7r+f/16bUfme36//WqQJKj8z2/X/wCtUdN833b8/wD69AB5vu35/wD16V5Pz9PT6/5/KoKZvHof0/xqZS5baXuBNvPoP1/xqHePQ/p/jUVVXkOff9B/n/PTFT7Ty/H/AIAE3me36/8A1qheQ59/0H+f89MVH5vuv5//AF6h8z2/X/61ZgSvJ+Xp6/X/AD+dReZ7fr/9aq28+g/X/God49D+n+NTKXLbS9wJt59B+v8AjUO8eh/T/GovN/2v0/8ArUeb/tfp/wDWrOUua2lrAHm/7X6f/WqPzPb9f/rUjyd+fr3Pt/8AXplZyly20vcBm8eh/T/Gq3me36//AFqHk6nP1OP6Y/z+tQ+b7t+f/wBes5S5raWsAeb7t+f/ANembz6D9f8AGjefQfr/AI1DvHof0/xqQDePQ/p/jVbzPb9f/rUeZ7fr/wDWqF5Dn3/Qf5/z0xUyly20vcCbzPb9f/rVV833X8//AK9QvJ1Ofqcf0x/n9ah833b8/wD69YgTPJ1Ofqcf0x/n9aqvIMe36n/P+euKHkGPb9T/AJ/z1xVV5OnH0Gf5/wBOPWgCXePQ/p/jRvHof0/xqq8nfn69z7f/AF6h3j0P6f41jKXNbS1gJnk78/Xufb/69Q7x6H9P8aZ5vuv5/wD16obz6D9f8akCz5nt+v8A9aqryDHt+p/z/nrionk78fXsPb/69RPJ04+gz/P+nHrUyly20vcmUuW2l7kryd+Pr2Ht/wDXqq8nfn69z7f/AF6ieQ59/wBB/n/PTFVfM9v1/wDrVPtPL8f+AZylzW0tYs7x6H9P8areZ7fr/wDWqJ5Pz9PT6/5/KonkGPb9T/n/AD1xWZIPIMe36n/P+euKi3j0P6f41E8nTj6DP8/6cetVXkOff9B/n/PTFAFp5OnH0Gf5/wBOPWqDyfl6ev1/z+dRPJ1Ofqcf0x/n9aqvIMe36n/P+euKzqdPn+hMpcttL3B5Bj2/U/5/z1xVHzPb9f8A61I8nfn69z7f/XqHePQ/p/jWZiG8eh/T/GqzydTn6nH9Mf5/Wh5Opz9Tj+mP8/rVB7j9fzP6/wBR3oAieTpx9Bn+f9OPWonk78/Xufb/AOvUO8eh/T/GqzydTn6nH9Mf5/Wg5weTqc/U4/pj/P61VeQY9v1P+f8APXFDyDHt+p/z/nriqrydOPoM/wA/6cetBn7Ty/H/AIBR833X8/8A69Xkk68fUZ/l/XiuXSTrx9Rn+X9eKvpcc/5/w/of0roMze3j0P6f41Kkgx7fqP8AP+emKxkk/L09Pp/n8qlSQ59/0P8An/PXFYyjy21vcDe8z2/X/wCtVpJDn3/Q/wCf89cVjbx6H9P8am3n0H6/41Jp7Ty/H/gG6lx3/wA/Tp/Me+at7z6D9f8AGsBJOhz64OP6Y/z+tWkkOff9D/n/AD1xQbSlzW0tY3kk6HPrg4/pj/P61N5vuv5//XrFS47/AOfp0/mPfNWkkGPb9R/n/PTFBpGXNfS1jZSTvz9e49v/AK9X0kGPb9R/n/PTFYySfl6en0/z+VSbx6H9P8aDan1+X6m0kn5+nr9P8/nVpJPy9PT6f5/KsZJOvH1Gf5f14q+kn5+nr9P8/nWlPr8v1NDV8z2/X/61Wd49D+n+NZaSfl6en0/z+VSpIc+/6H/P+euK0A1EkGPb9R/n/PTFSw9R9T/KszzPb9f/AK1X959B+v8AjQBpJ0P1/oKn8z2/X/61ZdSJJ0OfXBx/TH+f1qYx5b63uBqeb/tfp/8AWq0kgx7fqP8AP+emKyt49D+n+NW0k68fUZ/l/XitIy5b6XuVGXLfS9zUj7/h/WpKzEk78fXsfb/69SpIMe36j/P+emK2NjT3j0P6f41bqj5vuv5//Xp6dD9f6CgDQ3j0P6f41Kkgx7fqP8/56Yqj5nt+v/1qkqoy5b6XuBfST8/T1+n+fzqzVFJBj2/Uf5/z0xUnm+7fn/8AXrYDRh6j6n+VS+Z7fr/9as9JOhz64OP6Y/z+tXKALu8eh/T/ABp9Zm8eh/T/ABqfzPb9f/rVtGXNfS1gNNJPz9PX6f5/OlqvT959B+v+NUBZj7/h/WrKdD9f6CqMPUfU/wAqlSToc+uDj+mP8/rWntPL8f8AgAXKk8z2/X/61QpIc+/6H/P+euKdWgFirFUk6n6f1FS0AW06n6f1FS1XqxW0Zc19LWAspJ+Xp6fT/P5VJvHof0/xqlUkff8AD+tUBcp6dT9P6iqlSp0P1/oKDSn1+X6lurFU/M9v1/8ArVJWntPL8f8AgEyjy21vcsVYqpvHof0/xp9aElipPM9v1/8ArVD5vu35/wD16dQBYqeHqPqf5VU8z2/X/wCtUlAFirFVoeo+p/lS1pT6/L9QNCiq9Sp0P1/oK0AmTqfp/UVLVerFAFipd49D+n+NVo+/4f1qSgCxViq9WIO/4/0roAKsVXqVOh+v9BQA+rFV6enU/T+orSn1+X6gS0UUVoYyjy21vcKsw9B9D/Oq1WKCQooooKlLmtpaxKnQ/X+gp9V6KCR3ley/l/8AWptFLD0H0P8AOgqUeW2t7iUUUUEhRRVeg6CzD0H0P86Juh+g/nSVHH3/AA/rQTGXNfS1ibyvZfy/+tR5Xsv5f/WpPM8v+f8Aj3H4/wD66Sgmp0+f6BViq9S7x6H9P8amUea2trGgJ0P1/oKfRT06n6f1FZyjy21vcCP/AFfr19s5/wAOKqP+6/rnnp0xjHXP/wCqpZuh+g/nRN0P0H860jHlvre4Fas/zf8Aa/T/AOtVt+o+n9TVSft+H9amp0+f6AVH6D6/0NVvM9v1/wDrVaf95iM9v8/nyPaqv+kx/gfzz+Xb8cVz1Onz/QCKbqfqP5V/F5/wdEaRJL8fv2b7yQ5F38HfEgOPX/hLc9PpxgnjPSv7QvN92/P/AOvX8b//AAdDpBL8T/2axcXGPtXwt8YAWXYg+K1bI6Hq2MdyvuK+n4K/5KDDf3aVWp68jp6fO+/S2zPyXxflycJYjS/JicO3ra97v/gH8cvie38v7VHbn7Ldf8/3HBHtz/n3r5G+KOjfYz/o/wDx65A4HT/9WAT059K+4fFsdvbw+ZZ/y/4lH+cf418b+PLOwkv7qMH/AEr059OOMH/PtX61jlfDyjtzNK/a0k9uv3n5V4d4qpOtTu7W5PO7d35W/H0PlC8/13yZ+y546dMnOe+f161Srp9Wjn87y5PsPp/oP+evcjj09zzb9R9P6mvzTMaMoVZ1JaXWkX1s1107q2mx/UNCcakOaLve1126rXre/ZDKKr1YrxKnJKblKXJfZWv1V9bra9zYKKKKfxfwrVNubW1r2ttzXu2+2zAh8r2X8v8A61TUVJ5fv+n/ANeq+r1an2bW8+/3dgvFfFLlvtpe+qT6ra5HRUnl+/6f/XqOn9Tq+X9fPz/PswvF/DLm76WtdJrq+/4BRUnl+/6f/XqRLe4k7ducf/rx/nHtW/1Sr2f3f8H+rPyuFempGc+/6D/P+emaszWVzH/rDx+f+f5d6gqPq9X+Vff/AF3/AD7MAop/7uL/ADk8/wCfrj2qVfs8fb7T3I7fr0/T0560pUuW3vXvfp2t5+YGfVimvIc+/wCg/wA/56YoeS4kx06f5464/nn6Vgvqum3Tt/c/4P4+YDqsIn7nzf8AI56dP61Rf7x/D+QqRLj6/wBffnj+tXFUFfmjy7W1TvpZ9F6/MD/Rs/4Jh/8AB0f+yP8ACv8AYY+Cvwv/AGzNY+Iw+O/wl8OnwPfX3hzwPqPiHS/Enhrw9/xLvB2urqSuqozeGFj0lsLgnS2BBL7l+u5v+Dv/AP4Jb2/yf2Z8femOPh1gfluAP+Nf5cT3FxJ37cZ//Vj/ADn3qPzPb9f/AK1bVKODnJyh+7vuruV9rdtvTp6X5Vha9/eldaWSja1+Xq2+/bp93+pLY/8AB3//AMErbiUx3UHx80r13fDgv/7Op/AnrXqOhf8AB2H/AMEhdZmt7a8+JvxT0GKYcX1/8KfF3Hs3/Eq5GfQD6V/lE7/9n9f/AK1aiTx3H7uT/RRFZEd+ox0zg88Hp+ta0MHhKsOZzava3uvT/wAm/NdX02U6FSNt1fyv0i+3n9yfU/2FfAn/AAcMf8Eh/iD/AMgb9sTwPpZlBxZeK7DXvCn1/wCQnpIPPoCOMdq+6PAf/BQD9iv4mQ2r+A/2q/gF4o+2DiGy+KnhH7UfUY/tfPGB278HrX+IClxb+d/T+n6/p9AOyh8UJF/x5/b7Xob7/TvUnp/U88/hjRZPh6vwVX7tr3p33St9tW0Xr32OWvUzCEFKlHnt8SvyW+BrWzvezvotU/Q/3b9G8Q6T4j0621TR9UsdWsbsHF9ot8uq6Uxz3YfKM8D7o9SPTYr/ABKPg/8AtmftQfBP7NqfwQ/aE+Kvw5v7Pix/4RX4jahpJB9MfKPwP04xX62fAv8A4OPP+Ct/wX/0y8+PH/C2rDnGh/FTw5oPiDHY/wDEy/5C4OOeox7VpPhmsoOWGqe15bc69nyW0Sj/AMvJXvaT+RyrOK9DXEUPZQdve9pzNWcW9PZx2uuvXvv/AKtG8eh/T/Gp/M9v1/8ArV/BT+zV/wAHk2uC7tNH/ax/ZRsBaAYvfFXwd8Q/8TQHGFvj4b8TdhwcK4zgc45r+j79k7/gvJ/wTG/a/utN0LwB+0VoHg7xtqRUaf4H+MDf8Kz8Randng/2eNVwNRC4/hc7hk4BAB8fE5Zi6MZqpTcYJxvU3S67aPur37dzvpZhRqOKl7nN583z2S69776aH7OVU3j0P6f41l2WoQaha/bLS4sbuK7/AOX6yvv7V0skY7jA5z249OM4v151SnyW1ve/S21vN9z06VejVipKdr9Lbbf5/h8ixVeo/M9v1/8ArVN5vuv5/wD160LjS5r+9a3l/wAEq1J9/wBsfj1/L0oue/8An+7UdBQUUUVn7Ty/H/gAFR/6N/nFSVH/AKN/nFZ+05+lred9/kuwElRbz6D9f8aloraMeW+t7gFSf9PH/jv6/wCfy96joqgLFFV6sUEyjzW1tYsUVBD0H0P86tJ+8/ef57df/wBfJrOp0+f6BGPLfW9xlWKKr1MY819bWKLFFR+Z7fr/APWpHj7c/TuPf/61Eo8ttb3JlHmtrawvme36/wD1qkqP/rhjrz+X8+vTt1qSpMQoqLmM9sY+nT+WPy/oygqUeW2t7jN49D+n+NPpj9B9f6Gnf6v16+2c/wCHFaVOnz/Qks1Xpj9B9f6GoqqMua+lrFRly30vcsUx+g+v9DT6r1iSTf8ALH/gX9aj833X8/8A69NqvQaez8/w/wCCWKjj7/h/Wo6KDQKKi3n0H6/41LQBFvPoP1/xplFM3j0P6f40APqvRRQAVH5nt+v/ANao6KACmvIc+/6D/P8Anpih5Dn3/Qf5/wA9MVDWftPL8f8AgAWKr1V833b8/wD69OrMAoqvRQAUUzePQ/p/jUVAEu8eh/T/ABqKo/M9v1/+tUdZ+08vx/4AEnme36//AFqjpm8eh/T/ABqN5Py9PX6/5/OplLmtpawE9Q+b7r+f/wBem1H5nt+v/wBapAkqPzPb9f8A61Q+b7t+f/16PN92/P8A+vQAeb7t+f8A9ejzfdvz/wDr1DTN49D+n+NAE28+g/X/ABqHePQ/p/jVbzPb9f8A61QvIc+/6D/P+emKAJXk78/Xufb/AOvUTyHPv+g/z/npionk/L09fr/n86ieTqc/U4/pj/P61jKXNbS1gJXk/L09fr/n86i8z2/X/wCtVbefQfr/AI1C8nfj69h7f/XrH2nl+P8AwAJt59B+v+NQ7x6H9P8AGovN/wBr9P8A61Hm/wC1+n/1qmUua2lrAHm/7X6f/Wo83/a/T/61V6ZvHof0/wAazlLltpe4E/me36//AFqjqm8nU5+px/TH+f1qOp9p5fj/AMACTzPb9f8A61Q+b7t+f/16jeQY9v1P+f8APXFRbx6H9P8AGswJt59B+v8AjULyd+Pr2Ht/9eonk6cfQZ/n/Tj1qpvHof0/xqZS5baXuBP5nt+v/wBaoN49D+n+NRvJ+Xp6/X/P51VeT8/T0+v+fyrEC08n5enr9f8AP51VeT8/T0+v+fyqJ5Bj2/U/5/z1xUW8eh/T/GgAfoPr/Q0bx6H9P8areZ7fr/8AWqDePQ/p/jUyly20vcCZ5O/P17n2/wDr1DvHof0/xpnm+6/n/wDXqF5Opz9Tj+mP8/rWIE3m+6/n/wDXqHzPb9f/AK1UHk78fXsPb/69RPJ04+gz/P8Apx60GftPL8f+ASvJ34+vYe3/ANeonk6cfQZ/n/Tj1qJ5O/P17n2/+vVB5Opz9Tj+mP8AP61n7Ty/H/gEylzW0tYvvJ35+vc+3/16oeZ7fr/9aofN92/P/wCvTN59B+v+NZkkjyfn6en1/wA/lUTyDHt+p/z/AJ64qLePQ/p/jVbzPb9f/rUAWXk78fXsPb/69VvM9v1/+tULyHPv+g/z/npiqrydTn6nH9Mf5/WgCV5Py9PX6/5/Oonk6nP1OP6Y/wA/rUT3HP8An/D+g/WqDydOPoM/z/px61nU6fP9DOp0+f6Fp5Bj2/U/5/z1xWVvHof0/wAaV5Dn3/Qf5/z0xVXzPb9f/rVDlKXxO9ttLdr/AJL+mZkryfl6ev1/z+dUHkGPb9T/AJ/z1xQ8gx7fqf8AP+euKqvJ04+gz/P+nHrSM6nT5/oDydOPoM/z/px61VeQ59/0H+f89MUPIc+/6D/P+emKoPJ+fp6fX/P5UGYPJ+fp6fX/AD+VRPIMe36n/P8Anrionk78fXsPb/69UHkOff8AQf5/z0xQYylzW0tYtPJ04+gz/P8Apx61QeT8vT1+v+fzoeT8vT1+v+fzqq8n5+np9f8AP5UEmClxx/n/AA/oP1qTePQ/p/jWF5/t+n/16tJcfT+nvzz/AErqlHltre5yxlzX0tY3kuO/+fp0/mPfNX0uOf8AP+H9D+lYKXHH+f8AD+g/WpUkOff9D/n/AD1xUmkZct9L3OjSTzeOgPXGf6/T0qVLj6/19+eP61gpcd/8/Tp/Me+avpcc/wCf8P6H9KDY3kk78fXsfb/69SpIMe36j/P+emKxkuOP8/4f0H61Kkhz7/of8/564rGUeW2t7gb3me36/wD1qvpcfr+R/X+o7Vgpcfp+Y/X+p7VaS45/z/h/Q/pUnQbySd+Pr2Pt/wDXqbefQfr/AI1gJcdvyH+T/X8O9X0k78/XuPb/AOvQbRlzX0tY3kk/L09Pp/n8qtJJ35+vce3/ANesFJO/H17H2/8Ar1f8z2/X/wCtVSjy21vco3kkGPb9R/n/AD0xVpJOhz64OP6Y/wA/rWCkhz7/AKH/AD/nrirSSdePqM/y/rxUmntPL8f+AbXm+6/n/wDXq15nt+v/ANasVJBj2/Uf5/z0xVpJOhz64OP6Y/z+tdBobO8eh/T/ABqbefQfr/jWUkhz7/of8/564qbzPb9f/rUAaaSfn6ev0/z+dXt49D+n+NZiSDHt+o/z/npil3n0H6/41MY8t9b3A2Ek78/XuPb/AOvUvm/7X6f/AFqy/M9v1/8ArVaSQ59/0P8An/PXFaRly30vcqMuW+l7mokgx7fqP8/56Yq0knQ59cHH9Mf5/WstJOvH1Gf5f14qVJO/H17H2/8Ar1pGXNfS1ivaeX4/8A1fN91/P/69SJIc+/6H/P8Anriqvme36/8A1qkqjQ0Kl3j0P6f41n7x6H9P8amSTvz9e49v/r1UZct9L3A0N59B+v8AjVnzPb9f/rVl1LvHof0/xrYDUST8vT0+n+fyqes5JPz9PX6f5/OpUk6HPrg4/pj/AD+tAGpUu8eh/T/Gs/ePQ/p/jU/me36//WrT2nl+P/AAuVPD1H1P8qq7x6H9P8am3n0H6/41oA/zfdvz/wDr1aqr5vu35/8A16dQBd3j0P6f40+qfme36/8A1qs7x6H9P8a2jLmvpawFupd49D+n+NUqsVQGhRVRJO/H17H2/wDr0+toy5r6WsaU+vy/UsVYqvUnme36/wD1qo0LKdD9f6CrdUfN91/P/wCvT949D+n+NAFuhJOvH1Gf5f14qPzPb9f/AK1SVtGXNfS1jP2fn+H/AASxU6Sfn6ev0/z+dVd49D+n+NPqjMsVJ5nt+v8A9aofN92/P/69OoAsVYqnH3/D+tSUATJIc+/6H/P+euK0qz6sUAWv9Z6dPfpn+fNKnU/T+oqFOh+v9BT66ALFWKr1YoAtp1P0/qKZTE6H6/0FProAsUUQd/x/pRQBYqxVRJO/H17H2/8Ar0+qjLlvpe4Fiiot59B+v+NS1sTKPNbW1gooqSTt+P8ASgn2fn+H/BI6KKsUGYUUUUAFV6sVH5fv+n/16CpS5raWsSw9B9D/ADpfN91/P/69JD0H0P8AOkoKp9fl+oU7zfdfz/8Ar1VqTzPb9f8A61BoSw9B9D/Ook/6Z/r+PTb+OakqvQBZ/wCmfHX3/wB3r6frR/q/QAD3PBP59f8AOKSigxlLmtpaw7yvZfy/+tTv9J/zmm+b7r+f/wBej/lj/wAB/rUyly20vcr2nl+P/AL1VNg9T+n+FPoojLmvpaxUZc19LWGv+8GePQdRx3HrUTyfl6ev1/z+dJUcnb8f6URlzX0tYorP1H0/qahePtx9Ox9//rVK8Yx7fqP8/wCemaqvJ04+gz/P+nHrWcpc1tLWAqv/AM+/H+Gfwxz/AD9qo1dfoPr/AENVn/6af56dd34YrH2fn+H/AAQIvM8z+f8Aj3P4/wD66/jQ/wCDpTUTb/Fv9lq3/wCgj8K/GGM56f2916f/AF+/Sv7LvN92/P8A+vX8YX/B0+nm/GP9kaPj/klfjG/P1Gocj/PT8a+l4Pl7PO8PUtflTXLe1+Zx62drW7M/MPFuEZcK4iMlfkxOHs72+Pm/Ky66n8gXiy9uNUhurSMD7KCD9t9ee/I9eT6fWvl/xbZeZ/z/AN1+R+me3P8AnPWvqXxDpdxp8N0cdO30z06f/WrwLxD9oj+ykf8AH0L7P+nD39O2f/1elfsePhSjBx9nfl1ve17cq2tp3369T8b4QrUsP7P2Uraq6tvb4db6W173ufNXi/R7eOa1/s8/auP9NwD1yOO2Mjv69x28+eAxgSXH/LYE/wCf8emK+hvEtncXn2q30+z/ANKs8fiPw9/pz3rktK+G5uP9M1i8+y+v5+vp7Dnivk8xy6VerP2C3tzuzdn7tnvrdc2mlreaP6ByzOMLSwanUq82i5dLN236vq0lpsutjxtIz539O/8ALrjH45qzbadeXH+r474//V/+v2r38+G9Lt9V0uTT7P7Lk85/59BnBPuOfz5rT0/wPeaxf3Utl4fxa/Xke3OO3XGOPrXDT4clJ06soXtey16uCabu/Lp+IVuKMHZ1qUrwdrO/xWsv5dLW13vd9mj5zfT/AC+3f3/p/nrQbKeOb9/b8+hGOvU9T9M/rX1p/wAKfto/tV5rF5YaXa2Y6fbfb/6+OffgHFcbf6h8O9LN1b3Fnf6pdd/+YVj8SP069sZ69U8jpUuf36dLk5f4j5PaX7b/AA2v/wBvW2MKGfvE8v1fDYmpzL3/AN3b2d7OLvzPm5ve10tbVa6eDjS7i4P+j/6V6+p9eD09+e/FddH4H1+T7L9ns/s32yy/5fupA4ODj8uCPUdRW7f/ABTKZtND0uwtbXnrZDPbsDnPrgdjmuE1fxh4k1hvtF5ql8eeAeOnvkfhzyT71x1Z5XQhzW5n2vy7KPXX7Xp32PZpLH1uT3FS5r7vm25dLe7qt9vnsbtz4PtNMJj1zVLC2JzxY8npz2GTjsO4rCvD4ctrnNmb/U/+v7oR74xn/wDX9KwHvZ35f8euPzwPWqVeZiMxwXIlh6fJN39/nUuXSP2eRXvqt1tfW52rC1Uv3tWa2tye4npFu+rvbS21vy15tQtzn7HZ/Zoh3/LIJ/r29aqtcXEmbgfX/P6Z/wAapVXrzKuYSlDlg0772tpZJq6s79V02fdnUklsixTNg9T+n+FPpm8eh/T/ABridaq7e9t5N9U+67DDYPU/p/hT6KKiUua2lrAFFQ+b7r+f/wBepYeo+p/lVe08vx/4AC0UUUez8/w/4JMo81tbWGbB6n9P8KiqZ4zn3/Q/5/z1zTq6aa91S/m6drefzKIt59B+v+NS0zYPU/p/hWhbR/8APT6/T/Dn/IrsoYedSrHladt9Lb28/JkyjzW1tYi8y3872xjOD19M+nb6cVa8sy58v/Vfz/A/57VLFp9xIbXt9R24+n6dOlX7bT7iea6t4/8Aj6/M/wA/6fSvapYerKSjy25uva3dfPocrxEYfDUtffRa2s118/x9Cg9vcW5P/PzwD6n1x7/59c79m+qx/wCn/az5d3nPcde3b65zQ+iNi1HkHA/4/b3nGfz7+v09a2Et9Dkm5+32tr/y/f1/M8fTpXpYelKEOWSta1n30Sel9LW7vf5vhrVaUo8t6b5us4c9vheiurXvr6bX0Jv7cv7Ob/TLT7Uf+XEEdMZ6EZ//AF+2DW9YW+l3n2bzP+JZdHqT/wAgr2z/ADPbue1UE0PzNVuruSz+1WGT9Pw9T1xwMdqhh08SQ6p/Z/8Ao2DzfHuBgkcHODyfX6V1pQ+3SpVe3tYc/Lrf3dVa+z9E90eJWjQqxUYVPZd3ZzvdRVnqrWV72u99Nj9af2QP+Cxn/BSL9g2S10n4OfHbxPr3w9077IL/AOFfxHP/AAnHggg84sP7UB1bw1xkY0TXF5POa/sd/wCCff8Awdd/svfHWXw54B/bK8H3/wCy78RdRkGnjxtYm/1f4KapeAjPzlzq/hnIIADrrgZ/vSAEkf5zuj6hrmnny5M3Is88fiR7E/Tr78VffVNE1i/+z6nm0uv+PH7dzjI6EjoOemf1zXDicmwmJu3FwbtrZSa2vrdLdLTVK2xz0cXiMPPkgvaez0claF72s2rNd9d/Ox/uF+EvFvhrxz4b03xf4O8QaP4w8MeJLL7fomu6He/2rpOpaRgHOm6lpykEHIAIDDIxkMpA3/MPt9lz/TPrnHf6V/k1f8Ey/wDgs5+2F/wS18VW2heGNTuPi1+zTqd9anXfgv4rvifDx0Y4B1z4eeIiT/wg3ibAOMA6Cc/N4ePUf6TP/BP7/go7+zB/wUe+Ett8TP2evGgur3RvsX/Cb/DrWybXxx8Ob0/8uHiLTAOCW4XV1L6E2Rj0r4fMsqxeXVZc0ObD/wDLub91rlS5tNU0+aNndW001SPrMDnFDFRhBz5qrXvPbe1tN777792foFVembx6H9P8aN49D+n+NeSpylKMYy5L3u99rW008+vU9aLkoTm5c8EouDtyuWiUtLyt06u4P0H1/oaE6H6/0FG8eh/T/Gn1mWMeTvx9ew9v/r0+iigAp+8+g/X/ABplFVGXLfS9wLFFVH6D6/0NSvIMe36n/P8AnritIy5r6WsBaeTqc/U4/pj/AD+tSVXoqgLKSfl6en0/z+VEPQfQ/wA6SiplHmtrawE3/Xxnr+PX37f1/CnUn+s9evtnP+HNJ/0789ffr0/Lt6/zojHlvre5n7Pz/D/gibB6n9P8Kd/rPXr7Zz/hzS0VRUpcttL3LFVhJ5n5H6eh9/zpaT/V+vX2zn/Dis/Z+f4f8ExGv0H1/oafTN49D+n+NPqpR5ra2saU+vy/Ur0UUVPs/P8AD/gmZYqvRVeqjHlvre5Upc1tLWLFFV6k8z2/X/61YmxLN0P0H86i8z2/X/61R0UAFRJ1P0/qKR5Bj2/U/wCf89cVE/QfX+hoKlLmtpaw+iq/m/7X6f8A1qKCQ83/AGv0/wDrUUVH5nt+v/1qAJKr0UzePQ/p/jUyly20vcB9V6Kj8z2/X/61T7Ty/H/gASVWm6n6j+VJ5vu35/8A16jeQY9v1P8An/PXFZgLvPoP1/xplM3j0P6f40+gBm8eh/T/ABqKo/M9v1/+tUG8eh/T/Gs/aeX4/wDAAn8z2/X/AOtUdQ+b7r+f/wBejzfdfz/+vWYB5vuv5/8A16PN91/P/wCvUPme36//AFqkoAj8z2/X/wCtUlVfN92/P/69M3n0H6/40ASPJ+fp6fX/AD+VR7z6D9f8ah3j0P6f40bx6H9P8amUuW2l7gTbz6D9f8ah3j0P6f41W8z2/X/61Qbx6H9P8an2nl+P/AAn8z2/X/61Qbx6H9P8areZ7fr/APWqtvPoP1/xrMC/5vuv5/8A16heTqc/U4/pj/P61W3n0H6/41DvHof0/wAaAJt59B+v+NQvJ34+vYe3/wBeonk6cfQZ/n/Tj1qJ5O/P17n2/wDr1n7Ty/H/AIAEvm/7X6f/AFqj8z2/X/61Qbx6H9P8arPJ1Ofqcf0x/n9azAs7x6H9P8aN49D+n+NUPN92/P8A+vTN59B+v+NZ+08vx/4AFnzPb9f/AK1Q+b7t+f8A9eq28eh/T/GjePQ/p/jWYE28+g/X/God49D+n+NZ+8eh/T/Go3uOP8/4f0P6VMpcttL3At+Z7fr/APWqDePQ/p/jVZ5Opz9Tj+mP8/rUTyfn6en1/wA/lWIEr3Hb8x+fv/X8O9Q+b7t+f/16jeQY9v1P+f8APXFRbx6H9P8AGgCJ5OnH0Gf5/wBOPWo/M9v1/wDrVC8hz7/oP8/56YqPzfdfz/8Ar1MpcttL3AsvJ35+vc+3/wBeod49D+n+NVvM9v1/+tVV5Bj2/U/5/wA9cVPtPL8f+ABoeb7r+f8A9eqG8+g/X/GoXk78fXsPb/69VXuP0/Ifr/U96zJlLltpe5a3j0P6f41F5v8Atfp/9aqm8eh/T/Gq3me36/8A1qz9p5fj/wAAn2nl+P8AwCzvHof0/wAarPJ1Ofqcf0x/n9aieT8/T0+v+fyqPefQfr/jWZmWfM9v1/8ArVVeQY9v1P8An/PXFRbx6H9P8aieTpx9Bn+f9OPWgCXePQ/p/jVbzPb9f/rVBvHof0/xqN5Py9PX6/5/OgCTePQ/p/jUbyfl6ev1/wA/nVV5Pz9PT6/5/KonkGPb9T/n/PXFBMpcttL3JPN92/P/AOvVbePQ/p/jVV5O/P17n2/+vUO8eh/T/Gs/aeX4/wDAM5S5raWsTPJ35+vc+3/16ieQ59/0H+f89MVE8n5enr9f8/nVB5Bj2/U/5/z1xR8flb57/d2JLTydTn6nH9Mf5/WqDyd+Pr2Ht/8AXqJ5OnH0Gf5/049aqvIc+/6D/P8AnpiszGUua2lrEryd+fr3Pt/9eqDydTn6nH9Mf5/Wh5Opz9Tj+mP8/rVV5Bj2/U/5/wA9cUGcpcttL3JXk/P09Pr/AJ/Kqryd+Pr2Ht/9eh5O/H17D2/+vVB5Dn3/AEH+f89MVp7Pz/D/AIJnKXNbS1geQ59/0H+f89MVVeTqc/U4/pj/AD+tDydTn6nH9Mf5/WqryDHt+p/z/nritCQeQY9v1P8An/PXFUHk78/Xufb/AOvQ8nfn69z7f/XqJ5Dn3/Qf5/z0xUxjy31vcxlLmtpaxw/m+7fn/wDXq/vHof0/xrmEuPr/AF9+eP61e+0+/wDn/vmuo8uMua+lrG+lx+v5H9f6jtVpLj9PzH6/1PasFJPz9PX6f5/Or6SHPv8Aof8AP+euKz9n5/h/wTb2nl+P/AOjST8vT0+n+fyqTePQ/p/jXOpcfr+R/X+o7VaS4/T8x+v9T2rM6PaeX4/8A6NJOvH1Gf5f14q+lxz/AJ/w/of0rnEk6HPrg4/pj/P61Z3j0P6f40G0Zct9L3OkST8vT0+n+fyq+knXj6jP8v68Vy6SdePqM/y/rxV9JPz9PX6f5/Og2N5JO/H17H2/+vVpJPz9PX6f5/OsFJPy9PT6f5/Kr6SdePqM/wAv68VjKPLbW9zT2nl+P/AN5JDn3/Q/5/z1xVpJOvH1Gf5f14rBSQY9v1H+f89MVaS47fkP8n+v4d6r2nl+P/AKjLmvpaxvJIMe36j/AD/npir6Sfl6en0/z+VYKSd+fr3Ht/8AXq0knfj69j7f/XrQ6Iy5r6WsbKSHPv8Aof8AP+euKtJcd/8AP06fzHvmstJOhz64OP6Y/wA/rUqSfl6en0/z+VBRvJJ+fp6/T/P51b833X8//r1gJJ35+vce3/16vpIMe36j/P8Anpig6DUSQ59/0P8An/PXFX0k78fXsfb/AOvWMknQ59cHH9Mf5/WpUk/L09Pp/n8qANlJBj2/Uf5/z0xUqSfn6ev0/wA/nVBJOvH1Gf5f14qXePQ/p/jQBspIc+/6H/P+euKlSTvz9e49v/r1jJIMe36j/P8AnpirSSdDn1wcf0x/n9aqMuW+l7gaiSdePqM/y/rxVvefQfr/AI1k7x6H9P8AGraSdePqM/y/rxVe08vx/wCAaU+vy/U1PM9v1/8ArVZ3j0P6f41jpJ34+vY+3/16vpJ0OfXBx/TH+f1rQ0LO8eh/T/GrdUfN91/P/wCvUiSHPv8Aof8AP+euK09p5fj/AMAC/vHof0/xqSHoPof51S8z2/X/AOtUlVGXNfS1gNRJOhz64OP6Y/z+tTeb7r+f/wBes9JBj2/Uf5/z0xUqSfn6ev0/z+dUBfSQ59/0P+f89cVaqgkn5enp9P8AP5VPVRly30vcC7vHof0/xqbefQfr/jVSpd49D+n+NbAW6k8z2/X/AOtVOrFAF3ePQ/p/jU/me36//WrP8z2/X/61SVtGXNfS1gNCjzf9r9P/AK1RJ1P0/qKlqioy5b6XuW06n6f1FIkgx7fqP8/56YqLePQ/p/jT609p5fj/AMA0jLmvpaxYq15vuv5//XqhvPoP1/xqWtCi7vHof0/xqfzPb9f/AK1U6VJPy9PT6f5/KgC/Uu8eh/T/ABqqnU/T+oqWtoy5r6WsYyjy21vcsVMn3R+P8zVFJOvH1Gf5f14qxVEmhUcff8P61Cn3R+P8zVqgByfeH4/yNTVXqXePQ/p/jQBbqVOh+v8AQVW8z2/X/wCtVlOh+v8AQVtGXNfS1gLUPUfU/wAqIeo+p/lUadT9P6ipaoCxViq9W06n6f1FbRlzX0tYBlWKr1YqgCDv+P8ASrFV6sVMo81tbWAYnQ/X+gq3VerFdEZc19LWJjLmvpawVJJ2/H+lR1JH3/D+tUEpcttL3I6KKKDEsUU7zfdfz/8Ar02gBZuh+g/nUXme36//AFqkqvQVKPLbW9ySPv8Ah/WpKd5vuv5//XptBpGPLfW9yvUnmebx68Z+nPTAqOigJS5baXuFFSJJbxYz/XB/z3/DGOKkoKK9FSeZ5vHrxn6c9MCpvN91/P8A+vQYyjy21vcT/WehBHuOAfz6/wCcUlK8n5enr9f8/nUxk8v8h9PQe/5VMo81tbWK9n5/h/wRu8eh/T/Gmeb7r+f/ANeoXk8zB/X16+5qOqKjHlvre5YqvRVR+g+v9DWfwed/lt9/c0jHmvrawPJ34+vYe3/16qv1H0/qalmkuM/5yB/nk+mcd6ifqPp/U1jKXLbS9ySF+g+v9DVH/Wf8fGPr3/yfr/LmX/R/9ZcH/RTx/U9en59aif8A56/gOeP889fap9p5fj/wACbqfqP5V/HJ/wAHSOn28nxI/ZH1A/6LfzeCPGGnj/oLf8f/AOHGf5n0zX9i3+s9Onv0z/Pmv47P+Doy4s7fxp+ytaXEG6+i+HfjG/F8O39oXwUjn0YMT7n6V7/CNPmzulTvayT5rX69r+Xc/K/FeUZcH4ucJc1JYnDJ1Nt3Jr3b+vXppe6P5BPGeqafZ3lrZ3H+l4/4mF9/oPr+X58c46V43qWhf25f2txcWY0vR/8An9wR/aP4/THAyMHNe5/8IXcXmdY1izBsP+XGx+3en4Ef5wOlcbqsehib/TP+J7/042PGk6b+Xt3z6V+64inOpWkpUr8rTV5fzWTWkfJfjbY/nrI8fClGnCg/afCpvazVkrJXve769NH280fR7e9/4lelWf8Aovc2P+efz9ay7XwHb2f+k65rFhpcXP2GxvsY7H+fHvW9qvjC4t5rq3s7z7Lan/lxsf8AkE/1x6e/rXhuseMJ9Qmuo5P9F/68Rx9MenuCP6V59eVKjzacvLy9fi5vyt8736JH3+VUM3x8+WC/dVLczerlbRdFs7t9Xfpqj0+88YfD/wAD3JMdn9quuPt327Pv/wAg7/P515B4n+OHiPUIfs9h/wASu1/5fvsPHcde/Azjv+BryvULwSS6ncfYz9m50+yz6k4P58Z+uM56cPJcC4/14wPzx65x1/T9Tj5zHZjyQlHnvbS/w9t09enfXvufqGT8JYKg6davCpicW7c1SrU+HZrlVpb3alro4q50et+INQ1T95e6p9ql/DHHvzk/h3HUYrknuLi4/wBYfYE+n+fr/WovL/ffj+vTP0zxjHTmmV8riczq1L+0lbnVlre1rX7X6dvmfdUMLh8OqcYUqcYU22owjyXvy3T1a6XWml+vWTzPb9f/AK1Qbx6H9P8AGnTdT9R/KlrypVea3u2t5/8AAN581S3NK9r2072v18kFFFQ+b7r+f/1655R5ra2sKMeW+t7k1V6sUVnGPNfW1igqFPvD8f5Gpqhf7x/D+QqQJqKSHqPqf5UiSHPv+h/z/nrigBNg9T+n+FPqBJPy9PT6f5/Kp66ACiiigAooppj8z8h9PUe/5Vqp3pe0t292/dJ728+wFq2j8z8h/Q/l681oQ+R53kP+fT9e3GD6/qaqW0kEfb977dTnHft1/rXU2Edpql3bW8l4bXtZe3bn0PHHP1NfSZfRi40px93mburX+Hka1079jjxVW0Jx5W+VRd779bWt0667Fp9M8qH7NcZ8w4+xXpzjGo57D0GcdMZrotH8P2/nfZ5OPTt+GOn4+tWtH0v7Zff6Z9v+wdfce2en49c4yex9V0rwudP5j/0u1Pf/AKBvPY+v+etfS0cPKpPmlTvybJu1+a3W3Sy/4ZHxOaZzSoUai9rzPS2ijfZ362/Tfc459LuNPsLr7Wfst19u+wdPT88d+3YmrNz4X8uG6kuLj7TFeWVnqFl1yM8fbv6H3/TsrjQvthurxP8Aj6/5CH0/lnr/AJzWpbaH9m0rzLfm1vDi9x/zDevQ/wCeT0HWu9YSP2pc3b3bW79WfLrPYR+Cty3tfRP+W3pv+J5fbafcRw/6R/y5/wDHjn9P0Ax0z9Osv2O3kv7WS8H+i/8AL9Y2X4j/APX/AJFel23hvVPJ/wCXDFn+fB9eO3FD+E8f6Z/x6+v+hcadyc5xg+v50qeHk78r5tr6Wtd2XV9/wMp53SXL+8ve+9v7vR+t/wCrHnN5pc8d39o+xk2N5/z45/tXGOcZ9z7jGe9Y76Z5kV1aQWlj9mPNic89c5zn0PPP617Qnhe4jh+2W3+lX/8AnvwMde/WuSutG1DT5rq3kz/x/Wf8zg9fQjP4++DE4aMYKMqaXPezvfa3S3mvn+HXgs8pztRVS0/d5Evt6K/o4q3yb2DwzqBt7D+x9Rs7A/Yz1P8AzDuT6ev16mvrX9mD9oz47/sQfF/wV8fv2dfFd94O+IGhXpF9Y2QJ0nxro3XUdA8Z6bwNT0s5IIIIOeg4NfG39h6pZzC4x9qivM5659s84yM/49q9k8JXlxqEH2iez/48z/n0H17/AJ1UcHSxFJ0ay54RtdWte6S76fD57/f5uYY6rg5vG4SqlOVlKNr8ukbat3b1ettGr3vqv9YX/gmJ/wAFIfhT/wAFK/2dtM+MHghoPC/jfQjZ+F/jN8OPtpGreCPHe0Z09jubf4a1oh38PawAg2kKFJVmP6P+b/tfp/8AWr/Kh/4JWfty+N/+Cc/7XXgj4yWd3qH/AAqvxUbLwP8AH3wRnH/CSeAtRvznXv7N/wCgp4LONZznjGOc1/qa+FPF3hvx14b0Lxp4P1Sw17wx4j0Sz8T+Ftbsf+QTqOkajYA6df8AHUFSCD6EZAbIH5PxDlE8uxspqPLRhd2tqtYNpPraztpsvVn6RwlxFRzehyRmqmMoz5JU76y5m0rvlXL8N1ZTWqvJXsdT5v8Atfp/9aiq9WEf/ln+HT8PX64z714J9pGXNfS1gon7fh/WiigJS5baXuFWKr0Qd/x/pQEo81tbWLe8+g/X/GoX6D6/0NL/AMsf+Bf1pOJPXOfr1/nn88/qBGPLfW9yZOp+n9RUtRJ1P0/qKlqoy5b6XuUSf6T/AJzUdSR9/wAP60R9/wAP61sBN5vuv5//AF6SbofoP50Q9B9D/OkrP2nl+P8AwCZS5baXuSp0P1/oKfVeiqjLmvpaxiFFWKr0Sly20vcqMea+trBSw9B9D/Oh5Py9PX6/5/OovM9v1/8ArVRcYcslK97X0t3t1v5EdFFFBEo8ttb3JPM9v1/+tUdFRP1H0/qaz+Pyt89/u7Fez8/w/wCCCdT9P6ipaqJ0P1/oKt1maBRVemPJ34+vYe3/ANegAfoPr/Q0bx6H9P8AGn1SfqPp/U0AS0eb/tfp/wDWqvRQAUUzePQ/p/jUVTKXLbS9wJd49D+n+NRVH5nt+v8A9ao655R5ra2sAU3zfdvz/wDr0zefQfr/AI1DvHof0/xqgJt59B+v+NQvJ34+vYe3/wBeoqifqPp/U1n7Ty/H/gAL5nt+v/1qg3j0P6f406bqfqP5VBR7Ty/H/gAS7x6H9P8AGoqj8z2/X/61Q+b7t+f/ANeswJvM9v1/+tUPm+7fn/8AXqGn7z6D9f8AGgB/m+7fn/8AXpm8+g/X/God49D+n+NVvM9v1/8ArVMpcttL3As7x6H9P8aqvJ35+vc+3/16ieQ59/0H+f8APTFR+b7r+f8A9es5S5raWsBI8hz7/oP8/wCemKj833X8/wD69Q+Z7fr/APWqtvPoP1/xqQLPme36/wD1qqvIMe36n/P+euKbVfzf9r9P/rVMpcttL3At7z6D9f8AGod49D+n+NVvM9v1/wDrVBvHof0/xrOUua2lrAW/N/2v0/8ArVH5nt+v/wBaoN49D+n+NVvM9v1/+tUgWd49D+n+NVvM9v1/+tUTyfn6en1/z+VRPIMe36n/AD/nris/aeX4/wDAAk833b8//r0zefQfr/jUO8eh/T/Gq3me36//AFqzAs7x6H9P8aN49D+n+NZ+8eh/T/Go3k/L09fr/n86z9p5fj/wAJXkOff9B/n/AD0xUfm+6/n/APXqHzPb9f8A61VXkGPb9T/n/PXFTKXNbS1gLT3Hb8x+fv8A1/DvVbefQfr/AI1DvHof0/xqt5nt+v8A9apAv7z6D9f8az3k78/Xufb/AOvUTyHPv+g/z/npio/N91/P/wCvUyly20vcCR5Dn3/Qf5/z0xUfm+6/n/8AXqF5Opz9Tj+mP8/rVB5O/H17D2/+vWcpc1tLWAv+Z7fr/wDWqq8gx7fqf8/564qq8nTj6DP8/wCnHrUfme36/wD1qkmUuW2l7knn+36f/XqPzPb9f/rVBvHof0/xqs8nU5+px/TH+f1qZS5baXuYlnePQ/p/jVbzPb9f/rVD5vu35/8A16ZvPoP1/wAan2nl+P8AwAH+b7t+f/16jeQY9v1P+f8APXFRbx6H9P8AGq3me36//WrMCy8nfj69h7f/AF6reZ7fr/8AWqDePQ/p/jUbyfl6ev1/z+dAEm8eh/T/ABqN5Py9PX6/5/OovM9v1/8ArVE8n5+np9f8/lQBL5nt+v8A9aqryDHt+p/z/nriqrydOPoM/wA/6cetRPJ35+vc+3/16z9p5fj/AMAz9p5fj/wBfM9v1/8ArVC8hz7/AKD/AD/npio/N91/P/69Q+Z7fr/9aplLmtpaxMpc1tLWJXk/L09fr/n86ieTqc/U4/pj/P61VeQY9v1P+f8APXFVXk6cfQZ/n/Tj1olHltre5nKXLbS9yV5O/H17D2/+vVbzPb9f/rUjyd+fr3Pt/wDXqg8nU5+px/TH+f1qTOUua2lrFp5Dn3/Qf5/z0xVB5Pz9PT6/5/Ko959B+v8AjULyd+Pr2Ht/9egkleQY9v1P+f8APXFVXk6cfQZ/n/Tj1oeTpx9Bn+f9OPWqDyfl6ev1/wA/nWns/P8AD/gmMpc1tLWJXkOff9B/n/PTFVfM9v1/+tQ8nU5+px/TH+f1rLeTpx9Bn+f9OPWtDOUuW2l7lp5Bj2/U/wCf89cVQeTvz9e59v8A69Dyd+fr3Pt/9eqryfl6ev1/z+dBnKXNbS1geT8vT1+v+fzqtUT9R9P6mqjydOPoM/z/AKcetBj7Ty/H/gHnP2j2b86tJJ0OfXBx/TH+f1rnEuOP8/4f0H61Klx9f6+/PH9a9KUeW2t7nz9Opz30ta3W+9/JdjqEuPr/AF9+eP61fS4/T8x+v9T2rnEuPp/T355/pUqSfn6ev0/z+dSdHtPL8f8AgHUJcc/5/wAP6H9Kl8z2/X/61c4lxx/n/D+g/WtRLj9PzH6/1PasZR5ba3udHtPL8f8AgG8lx+v5H9f6jtV+2uOn6/5/H9e38POJcc/5/wAP6H9KvpIc+/6H/P8Anris5R5ra2sdUZc19LWOk833X8//AK9WUk78/XuPb/69culx+v5H9f6jtV9Lj6f09+ef6VnKPLbW9zb2nl+P/AOoS4+n9Pfnn+lWkk6HPrg4/pj/AD+tc75vuv5//Xqylx+v5H9f6jtUnR7Ty/H/AIB0aSHPv+h/z/nrir6Sd+Pr2Pt/9eucS4+n9Pfnn+lX0uOP8/4f0H60GhvJJ+fp6/T/AD+dX0kOff8AQ/5/z1xWCknXj6jP8v68VKknfj69j7f/AF6Coy5b6XudH5v+1+n/ANarSSDHt+o/z/npiucST8/T1+n+fzq+khz7/of8/wCeuKDY3kk6HPrg4/pj/P61aSQ59/0P+f8APXFYKSdePqM/y/rxVpJBj2/Uf5/z0xQbRlzX0tY2Uk78/XuPb/69aiSfn6ev0/z+dYKSfl6en0/z+VWkk78/XuPb/wCvWftPL8f+AUbySfl6en0/z+VSpIc+/wCh/wA/564rBS47/wCfp0/mPfNaiSdDn1wcf0x/n9a0Noy5r6WsbO8eh/T/ABqbefQfr/jWKkn5enp9P8/lV9JOvH1Gf5f14oKL6Sfn6ev0/wA/nUqSdDn1wcf0x/n9aobx6H9P8am3n0H6/wCNAGwknfn69x7f/XqXzf8Aa/T/AOtWX5nt+v8A9arSSHPv+h/z/nritKfX5fqVGXLfS9zV3n0H6/41Z8z2/X/61Y/me36//Wqyknfj69j7f/XrQ0jLmvpaxqJJ+Xp6fT/P5VPVNJOhz64OP6Y/z+tSpJ+Xp6fT/P5UFFvzPb9f/rVZ3j0P6f41n7x6H9P8amSTvz9e49v/AK9ae08vx/4AGn5vu35//XqbzPb9f/rVQ3j0P6f41NvPoP1/xrQC/wCb7r+f/wBerKdT9P6iqCSdDn1wcf0x/n9alST8vT0+n+fyqoy5b6XuBqbx6H9P8afVPzPb9f8A61XK2Am833b8/wD69Hm+7fn/APXqGpvN92/P/wCvQBaqxWb5vu35/wD16tVtGXNfS1gLFWEk68fUZ/l/XiqqSHPv+h/z/nripUk78/XuPb/69aSjy21vcC7T959B+v8AjVSpd49D+n+NV7Ty/H/gGlPr8v1LdWKpbz6D9f8AGpaqMua+lrGhd3j0P6f41MnU/T+oqt5vuv5//Xp+8eh/T/GqAt0JJ14+oz/L+vFR+Z7fr/8AWqStKfX5fqZ+z8/w/wCCWKsVBD0H0P8AOpU+6Px/ma0MyaPv+H9amT7w/H+RptFAFirFVoeo+p/lVlJOvH1Gf5f14qoy5b6XuBYqeHqPqf5VVTofr/QVMnU/T+orYCyknQ59cHH9Mf5/WrlZ9WKALFPTqfp/UVCnQ/X+gqZOp+n9RXQBLUqdD9f6CoqIO/4/0oKjLlvpe5Yp+8+g/X/GmUVpT6/L9SSxRUSdT9P6ipa0OWErzUrfD073ae/T4ez3CipPM9v1/wDrVHQaSlzW0tYkePqMfUZ/rn/P6VJUfme36/8A1qkoJK9FSf6T/nNR0GlTp8/0LFFFV6DQsfuv87aKj+/7Y/Hr+XpR9z3z+HT8/WgmUea2trElR+Z7fr/9ao6k8v8Ac/r046df89+9BQff9sfj1/L0o/6+P+A/5P8An9al/wCuf4enXnp2+v41E8nU5+px/TH+f1oM/j8rfPf7uwJ/0z/X8em38c1W3n0H6/41DvHof0/xqX7R5nT36/r+Pfn+VBoLvPoP1/xqF5O/H17D2/8Ar0cR+uc/Tp/LH55/SL7R/wA/H+e3+SPpnoa56lTbTv19PICV5O/H17D2/wDr1E8nTj6DP8/6cetRPJ35+vc+3/16oPJ1Ofqcf0x/n9aCoy5b6XuWnkOff9B/n/PTFVfM/wCefv8A44+X9eKh833b8/8A69RiTy/zP19D7fnWMpc1tLWMlUj9p8vbrfv22JPN92/P/wCvTN59B+v+Neb/ABa+Lvwq+A/grVfiP8Y/iB4X+HXw+0yyxqHirxTqw0rSVJGR/Z+SDqeRjHBJLA4xX8sH7b3/AAdGfDzwpLceDP2Gfh+PifrW270+z+MHj2z/ALL8I6Y3BN/4c8PlUbVQD0OtBNwBJXGAPRy/J8wzGcVQo3jK3v3utfKyX49Dws24myvJ4t4jFKE1f3HH4rcvW7tv2e+tlc/qq+JPxY+HfwX8K3fjz4ufEDwx8OfBum/6ff654q1Ww0nSen/UT5//AFjvX8AP/Bd7/go/8Ff2y/2g/A+ofAG8uPFHgr4M+B73wvfeOL2xI0jxJrGo69/aQvvDunnk6YBgFjjcQWwoOB+TP7T37YH7Rf7XfikeO/2h/ivrvjHWBfACwvb7Hh3w2BgY03w5/wAgjS8dP+QF09K+I/EniTT7PFv/AMvR/wCX6+vuM/jg+v8A9av0rh7halltSOKxEb4mHLpy8vR31cpeXQ/D+JOJMXxnSeUU6VWODqVadVxqq3tFBWSjpG+927u11vod54k8aaprE32y8vL/AP7fuP8AP+e/TxvWPGFvH9ljvP8Aj6vOfX+fr/PniuDvPGl7J9q+0Xn/AB59PU++P8OT615DrHiD9z5lmOf+Qf8AbsHkY/Dgjv3HfuPpcbmajGUef4et7b2+7fv81qehkHBmGjVhyYXkpq1o3crXXeyfRdLnWeMPGF5JPdWcfP8Az/fke38vw7143c3F553N5/pXPTj247D/AOv+Vr/hILiP7Umf9FvD+nr6dunP41jXNxcSTebJ+PP+H/1ux9K+TzDMuaLlz/F06qyXXTe/lZ6rofreX5bRwVJ04wtbl1eqla/2Wna1+7vcHuLjydnP+f6/T/69RtwWPuarUzePQ/p/jXztfEynPmjUbvurWta1uut9tlbze3uRjCEoyjG1t03e+sWtem3Z3vf1fVerFQ8ue3T8hXn/AB+Vvne/9ee4yaimbB6n9P8ACn1mAUUUzYPU/p/hQA+km6n6j+VLRUxjy31vcCvTk+8Px/kaPN91/P8A+vU1YgFN7fus9ePX3/H69qdRWns/P8P+CAUUk3U/UfypazAKSHqPqf5UtFbRlzX0tYAopIeo+p/lTd49D+n+NdVD7f8A27/7cBoW0nl/6Rz7/wCfX+XX0rvNH+zyQiW8s7/7L/z/AH0H+eufTpiuDsz5k2Ljpx1H5fyP+Tmu80RLi5s/L5+wWeSfX3znpz+pP1r6rLY+5Thf4W3e29+XpfS3L36nj4/3KE5720ttvKK3129D1HR7jU45h9nJ+ygn7F0/8qH9Se/frXtGk6Hbx2P7z63v9CPz/rzzXkvhwH7VbSR/bx9r+x/6bnvnHPU+o5J+teyWEdxHD/pn2/8A0y+6fT88+35cV9jhIXpLXt59Eu/lofi/EleaVo+7z89+vw+yjtp5vpqCaHeecbez+wWhs/Q/8hLpz1/LHbFdQ+hW/wDx76hZ/wDHn3scf56cH9fSpbbT/L/0i3vPtV0cfYeOv5f5+tX7OQyTm8GPtX4+ufw/ziu+Mea+tvx/XyPhq+L9pyfvXG1943vfl812/F9Uio+l28U3+j/6V9r62Pt7f5H41HHb28c3l/6ee/1655/z+GK3oY/Lh+2RXn2q6+3Xn/YV9+3b14q0+njyf3ln/nvj/OT+taUo83Nra1vxuedWzCT5eVqVua+u3w23X9W7GNbf6n94PtWPtn27H6Ht+Fc5f6H+/wDM4+y2ZH2H+Xt/kfjXW3Mfl/Zbj7H7f0P1/wAfTNVbuw+0WA8zreewP4fl9evNTU6fP9DWhjvZz5vaXtbRRt/Xz835nmv2O487/Q7LUPt/2G89f/rf4/SqmmXOoR31reR/brX7Jffb+nQ9eCT1OMc8fyr0a8s/332cf8fX+SfpwenSqqWZjm8v/nz6cenr/n05zUxjzX1tY9unmSqYdQnLmvezv8N7X0tZ3stnpudlbXH9qWf2iSy/4/OP/wBXr3HFf6FH/Bt/+1O/xr/Yiuvg34s8QHVPG/7Mnin/AIRbk51T/hA/EOdT8Gce/wDxMtHPHQD0xX+eR4bjuZ4blI7v7L9kvs3x9f7RyP6H/Ir+nX/g16+IGseE/wBt74l/DDzP+JN8R/gfeajfcc/bPDuvab/Z1/z6jUSOvevmOJcLSxWUzq1lzThu+suZwVvLb8TXg/MnlnE2DdFcn1irClK8t0vhk3a1ouV7W1vvZWP74aKzfN92/P8A+vWlX41GXNfS1j+rSxRP2/D+tV6sVRn8flb57/d2CiDv+P8ASj/rn+P9fu/hRQaFimJ0P1/oKfTE6H6/0FAE28+g/X/GpaiePH+r4/Af5/z2zUtTKXLbS9wIt59B+v8AjUtRJ1P0/qKT/V+nT36Z/nxXRKPNbW1gL1L/AKz0II9xwD+fX/OKi+575/Dp+frUdUBYpfL5+z+/vnH5en4/zqJJOhz64OP6Y/z+tTeV7L+X/wBaphHkkpXvbpbzT8+3YxlHltre4k3Q/QfzqtViq9Eo81tbWNJR5ra2sFFSR9/w/rVbefQfr/jVFEtFFRbz6D9f8aDGUua2lrEtV6Y8nfj69h7f/XoeTvx9ew9v/r1z1Pft0tfz3t6djYfVis+pd49D+n+NAD6r0VXoAe/UfT+pqWon6j6f1NQv0H1/oaAH0VXoqZS5baXuAVH5nt+v/wBaofN92/P/AOvSzdT9R/KsQFqLefQfr/jTKZvHof0/xoAN49D+n+NRVH5nt+v/ANao6mUuW2l7gJN1P1H8qheT8vT1+v8An86Xzfdfz/8Ar02sQI/M9v1/+tUdN833b8//AK9M3n0H6/40AG8+g/X/ABqHePQ/p/jUVR+Z7fr/APWqZS5baXuBZ3j0P6f41W8z2/X/AOtULyHPv+g/z/npiqvme36//WrOUua2lrAWd49D+n+NRvJ+Xp6/X/P51QeQY9v1P+f89cUu8+g/X/Gs5S5baXuBZ8z2/X/61UHk78fXsPb/AOvRvHof0/xqJ5OnH0Gf5/049azlLmtpawEu8eh/T/GovN/2v0/+tUfme36//WqDePQ/p/jUgT+Z7fr/APWqDePQ/p/jRvHof0/xqt5nt+v/ANagCzvHof0/xqt5nt+v/wBaofN92/P/AOvTN59B+v8AjXOA/wA33b8//r0zefQfr/jUO8eh/T/Gq3me36//AFqALO8eh/T/ABqJ5OnH0Gf5/wBOPWqm8eh/T/Go3k/L09fr/n86z9p5fj/wAJN49D+n+NRvJ+Xp6/X/AD+dVPN92/P/AOvUbyDHt+p/z/nriswJPN92/P8A+vTN59B+v+NQ7x6H9P8AGq3me36//WoAs7x6H9P8aqvJ35+vc+3/ANeod49D+n+NM833X8//AK9Z+08vx/4AEjyHPv8AoP8AP+emKieT8vT1+v8An86oPcfT+ntzx/Wonk78fXsPb/69TKXNbS1iZS5baXuX3k6nP1OP6Y/z+tUHk78fXsPb/wCvUXm/7X6f/WqpvHof0/xrOUuW2l7mcpc1tLWLbydOPoM/z/px61H5nt+v/wBas95Opz9Tj+mP8/rR5nt+v/1qzlLmtpaxJZ3j0P6f41W8z2/X/wCtVV5Bj2/U/wCf89cVFvHof0/xqQLPm+7fn/8AXpm8+g/X/GqHme36/wD1qPM9v1/+tQBZ3j0P6f41n7x6H9P8aN49D+n+NVnk6nP1OP6Y/wA/rQBN5vuv5/8A16R5Py9PX6/5/Oqnm+7fn/8AXqN5Bj2/U/5/z1xQBaeTqc/U4/pj/P61W3n0H6/41UeTpx9Bn+f9OPWo/M9v1/8ArVn7Ty/H/gHOWd49D+n+NVvM9v1/+tVR5Py9PX6/5/OovM9v1/8ArVmBK8n5enr9f8/nUXme36//AFqrbz6D9f8AGoXk78fXsPb/AOvQTKXLbS9ybefQfr/jVR5OnH0Gf5/049aieTvz9e59v/r1E8hz7/oP8/56Yqoy5b6XuZylzW0tYleTvz9e59v/AK9RPIc+/wCg/wA/56Yqr5nt+v8A9aq28+g/X/GpJH+b7t+f/wBembz6D9f8ah3j0P6f41E8nTj6DP8AP+nHrVRjzX1tYzqdPn+hK8nfj69h7f8A16z949D+n+NM833X8/8A69QvJ1Ofqcf0x/n9a0jHlvre5mSvJ+Xp6/X/AD+dVXk/P09Pr/n8qieQY9v1P+f89cVVeTpx9Bn+f9OPWqAHk6cfQZ/n/Tj1qq8hz7/oP8/56YoeQ59/0H+f89MVV8z2/X/61Bzkryfl6ev1/wA/nVB5Bj2/U/5/z1xQ8gx7fqf8/wCeuKqvJ04+gz/P+nHrUxlzX0tYzqdPn+gPJ04+gz/P+nHrVTePQ/p/jSvIc+/6D/P+emKqvJ1Ofqcf0x/n9a29n5/h/wAE56nT5/oeNpcd/wDP06fzHvmrSXH0/p788/0rl/tHs351aS47fkP8n+v4d69ypT2179PTzPmFUj9p8vbrfv2t0/pHUeZ7fr/9arSXH1/r788f1rnEuP1/I/r/AFHarSSd+Pr2Pt/9es/Z+f4f8E2hKKvzS5b2tpe/f7rnRpcd/wDP06fzHvmtRJOhz64OP6Y/z+tcuknQ59cHH9Mf5/WrSXH1/r788f1rGUea2trG8avNf3bW8/8AgHUJcfX+vvzx/Wr6XH6fmP1/qe1c4kgx7fqP8/56Yq0lx2/If5P9fw71zyjzW1tY6vaeX4/8A6NLjn/P+H9D+lX0uPr/AF9+eP61y6XH1/r788f1q+lx+n5j9f6ntWNSntr36enmdHtPL8f+AdH5/t+n/wBetRLjt+Q/yf6/h3rkkk/P09fp/n86vpcfX+vvzx/Ws/Z+f4f8E6oy5r6WsdQkhz7/AKH/AD/nripUuP1/I/r/AFHaucS47/5+nT+Y981qJcdvyH+T/X8O9TKPLbW9zojLmvpax0aXHP8An/D+h/SrSXHH+f8AD+g/WucS4+v9ffnj+tWkk68fUZ/l/XipOiMua+lrHUJJ14+oz/L+vFWkkGPb9R/n/PTFc4lxz/n/AA/of0q+khz7/of8/wCeuKCjeS47fkP8n+v4d6vpJ35+vce3/wBesFJO/H17H2/+vVpJPz9PX6f5/Og2jLmvpaxvJcfp+Y/X+p7VNvPoP1/xrAS47fkP8n+v4d61Ek68fUZ/l/Xig29p5fj/AMA2Uk/L09Pp/n8qtJJ35+vce3/16wUk78fXsfb/AOvV9JOhz64OP6Y/z+tTGXNfS1jQ3kuPp/T355/pVpJOhz64OP6Y/wA/rWCkhz7/AKH/AD/nrirSXHf/AD9On8x75qfaeX4/8A0p9fl+pvJIc+/6H/P+euKtJJ14+oz/AC/rxWMkn5+nr9P8/nVpJPy9PT6f5/KtDQ1N49D+n+NWkk/P09fp/n86xkkOff8AQ/5/z1xV9JO/H17H2/8Ar0AX0k6HPrg4/pj/AD+tX0k78/XuPb/69YySDHt+o/z/AJ6Yq0knQ59cHH9Mf5/WgDZ3j0P6f41Kkgx7fqP8/wCemKyt49D+n+NW0k68fUZ/l/XitPaeX4/8A09p5fj/AMA1PM9v1/8ArVZ3j0P6f41jpJ34+vY+3/16vpJ0OfXBx/TH+f1rQ0L6Sd+fr3Ht/wDXq1vHof0/xrLh6D6H+dW/M9v1/wDrUAXkkGPb9R/n/PTFSpJ+fp6/T/P51lpJ35+vce3/ANertae08vx/4AGikn5enp9P8/lUqSHPv+h/z/nriqCSfn6ev0/z+dWkk/L09Pp/n8q0At+Z7fr/APWqzvHof0/xqgkhz7/of8/564q1W0Zc19LWAtp1P0/qKlqvTkkGPb9R/n/PTFUBeqXePQ/p/jVDzfdvz/8Ar1araMua+lrAW06n6f1FS1U3j0P6f41MnU/T+orSUeW2t7mlPr8v1LtP3n0H6/41UqxRGXLfS9zQsVa833X8/wD69VaK2Aup0P1/oKmSTvz9e49v/r1UqZJDn3/Q/wCf89cUAWqsVSTqfp/UVaTofr/QVpT6/L9TGUeW2t7llPuj8f5mpkk6HPrg4/pj/P61Uh6D6H+dT1oSWk+8Px/kamqvVigCxViqSdT9P6irSdD9f6Ctoy5r6WsBbqSPv+H9aih6j6n+VSx9/wAP61QFlOh+v9BT6KK6ALFFRJ1P0/qKloAsUUxOh+v9BT6AHp1P0/qKlqJOp+n9RUtaU+vy/UmMeW+t7hRRRWhiSeX7/p/9epKVJPy9PT6f5/KibofoP50AVqKk/wBb9/t6e/Xr+mMVHQaVOnz/AECiiigqMeW+t7liq9FFTKXLbS9wlLltpe5I8nU5+px/TH+f1o/6eP8Ax39f8/l70R9/w/rRJ2/H+lUT7Pz/AA/4IeZ/yz/Dr+Gen44z7+9Vn6j6f1NS1FvPoP1/xrOpU5LaXvfrba3k+5oIJPL/ADP19D7fnVV5OnH0Gf5/049aPN/2v0/+tUT9R9P6mswB7j9PyH6/1PeqEnb8f6USdvx/pVV5Bj2/U/5/z1xXOTKXLbS9yTzfdvz/APr1G0nmenHb/wDWPrTa/Kv9v7/gr1+yd/wT60m60zxn4gb4jfG37Cb/AEP4IeBwdV8QkgsD/wAJlqJxpXhofLkNrQ/t11Ksnh9gc1vhMNWxtR06EOaatpf+ZtLt2Z5+PzbAZbCUsXiaVHl+JVZ8nb4XaXNvqtLab62/UfVdQ0/S9LutY1i90/S9G03OoX2uX19/ZOk6bo46nUtS1MdM9enXrzX82P8AwUS/4OPP2c/2c4fEnw2/ZI+wftGfGmz+2aePFXT4OeCdY/7CX/MzHP8A0BP+JBj/AJmLsP5ev29v+Ctn7Zn/AAUTluvD/izxZ/wqb4D/AG7/AEH4O/Dm+v8ASdK/sjA58Z6iuNW8cHp2A9hxX5YC40vw3/o+kf6Vdf8AP9ff0/P1781+jZFwTFQWIzF2guXn/d35++vtHy28ua9+ltfxjiTxMq4mTwuTxxUoau/s2usLadOttXfrrt9I/tO/tcftQftu+MLnx7+1B8WPFHjyWz/4mFj4V50nwR4byP8AmXfBmmf8SfS/+wx/+ofNN5qFpZ/a4/8Alw/z/Q8VjX/iS3kv/wDp66dO/wDnuAOOnavPrzX7CP8A0jVP+Pr/AJ8R6/49e355r7/DUaGEpRo4ehSowj0px5L6W11d7dO13vc/OYYfHZvXjWxdWtiL/FCrPms2ltKyte38rvZbNGr4n8X2dwftY/49oeCPxxj/AB9O/evmjxP4g1DUPtUf2w8f8TDnjg/57c/jzWhresW8EOpySXn2W6HH2IdM56fqOPfjqa8R1bU7m8mN2bv/AI+ycj05xz6D1xz9OleNm2aRhBRlUStzWdt/gW19Nl16/I/XeEOFqWH5akqV7cnu2snvdc3varpfv0L82uXJi8uM/ZrUn6k++M88+n69ube4Mdz9o988fh6fhRLcdY4/8j17Z9M9vpxWfvHof0/xr47G5ly2p897/aenRdP+D+Gh+m4bDRowcYx5drvfm009La9Xq3srEzSc/vP0+nt9aZTN49D+n+NPrzqtaUuXm1te3Ttf8l/TO0KKKK5Z1oyty62vfpba3cAooormlLltpe4EKfeH4/yNTUUVnKXNbS1gEm6n6j+VLRSTdT9R/KiMuW+l7gLRRRWkpcttL3AKKgeT8vT1+v8An86XyvZfy/8ArViBIkhz7/of8/564oeQ59/0H+f89MUmwep/T/CjYPU/p/hQA+q9WKr1p7Pz/D/ggWKKKK0AKb/q/Xr7Zz/hxTqakhz7/of8/wCeuKumveUv5ene/n8gLSSfuf6D8vz7H6j8PUPCVvcRQ/aLe7x9r68YP49QTjI6cZHpXkvb91nrx6+/4/XtXXeHtUvLKb/R/wDVDjH88/5/LivpckxVKWIjG9uVLzvd/hbl+dzyM0wsq2FqRi93G75b2tZLr1/rQ+rrO3t7jN5cXh+y9LIc/wCe4/LHau8sLy3jh5/0q1vM/wCnfYf+Yxz+Wcf19K8g8GXNveTWv2zgWeP9O6ZHUdeuO3v616ho95e/8e95Z/6L/nPr+WffpX39CrCpLljre1320utOu/fofhOcYP2c6kamttU7W/lut35a3+R6fZyfaIcf6Ba//e7PWt9Y7OOH/Q+tn7+/P+H6dK43Sre40+b95/n/ACecn8fWuys7e3kh8wf6Ndf9P35/j2/mOlenGPNfW1j80x9LknKXNe0U7WtfRLe7/Ilt7fzJv9Mvfsv+g/8ALjz+f+TUVt9o867jjP8ApX/P9np/nj3/AJV0b2/77/SLw2vfJ/kf8/pmrVtZ2fk+Xef6Lf8A/Th+WeO3bHrzjFa++5whGPNzXu725bW6Wd737rbzPn8XmHs4Tjz3s0rvT+u/6rplP9nk/wCfD+f4n/D2qbzLeSHr7/zJH+f8TWyLO4vPtX+h/wCi2f8Ay/c8f4f/AFs/WX7Hp/nfaLzi6/w9ePX/ADxSlCE7cyvbb5tN9HvaxzQxkat+ad+W1vnv27fffpY4y/i8yC7uPtn/AB+f55P+fXvzj3OnW6f6RZ4/5c/9O5+n+eeee2K6i5s/M/6e7qz/AOJf79O/044+pFULnT7j/kIdLrp/oP8AXpx/hVHt4TGful+87fY/PX8+nlcm8Maf++upMf8AHnfev1/+t759a/pc/wCDa7wHcT/t5+I/En2TFr4V+APi/wBeupa/4IA746kfnX8/vwx0O4k0S1uLsfavtt9eaheg85xn9ffpk8cCv7Qf+DcD4Caj4b8A/G34+ahaC1tvGGu+HPhx4Ivj1bRvDmdS1LHPY6kuT79Oa+e4orUqeT4mE5cs6qj7ONvi5WubW9lbmj3vfQOCMXic349weCw79pRwuKk6q00p01G81p9r+Xpa7b6f07w9R9T/ACq+khz7/of8/wCeuKy0kGPb9R/n/PTFWo+/4f1r8GjHlvre5/dkY8t9b3LO8eh/T/GpuYz2xj6dP5Y/L+kUP/Tx0z+PU/jn69qdVFFij/We+f0/wx/nOaIO/wCP9KKhUpS+Fc1t+lu3X1+4CxRVfzf9r9P/AK1WKsCxRVTePQ/p/jUqSDHt+o/z/npitKfX5fqBa8z2/X/61R0UVoAVJ9/2x+PX8vSo6k8zyuPTjP156YNBMZc19LWI6k/0n/OajqJOp+n9RQEo81tbWLPme36//WqOon6j6f1NG8+g/X/Ggmp0+f6EtRP1H0/qaN59B+v+NMqZS5baXuaDE6H6/wBBT6KYnQ/X+grEB9M3j0P6f41FRP2/D+tABRVerDydOPoM/wA/6cetTKXLbS9wCq9FM3j0P6f41PtPL8f+AAryHPv+g/z/AJ6YpH6D6/0NRVHJ2/H+lTKXNbS1gDzPb9f/AK1Q+b7t+f8A9enVFvPoP1/xqQJJup+o/lUFFM3j0P6f41MpcttL3AN49D+n+NVvM9v1/wDrUeZ7fr/9aoN49D+n+NZylzW0tYB9Q+b7r+f/ANekeT8vT1+v+fzqq8n5+np9f8/lUgS+Z7fr/wDWqq8gx7fqf8/564oeQY9v1P8An/PXFRbx6H9P8aADePQ/p/jVV5O/P17n2/8Ar0PJ35+vc+3/ANeqryfl6ev1/wA/nXOBJvHof0/xqN5Py9PX6/5/OovM9v1/+tVV5Bj2/U/5/wA9cUAWvM9v1/8ArVW3n0H6/wCNQ7x6H9P8ai83/a/T/wCtWftPL8f+ABLvHof0/wAaieTpx9Bn+f8ATj1qJ5O/P17n2/8Ar1DvHof0/wAaxlLltpe4E/me36//AFqg3j0P6f41FUfme36//WqfaeX4/wDAAtPIc+/6D/P+emKq+Z7fr/8AWqHzfdvz/wDr0zefQfr/AI1Mpc1tLWAf5vu35/8A16ZvPoP1/wAah3j0P6f41W8z2/X/AOtWcpcttL3As7x6H9P8areZ7fr/APWqF5Dn3/Qf5/z0xUTyfl6ev1/z+dZylzW0tYCTePQ/p/jVZ7jt+Y/P3/r+Heonk/P09Pr/AJ/Ko959B+v+NSBI8n5+np9f8/lUe8+g/X/God49D+n+NVvM9v1/+tQBZ3j0P6f41W8z2/X/AOtUG8eh/T/Gmeb7r+f/ANegB+8eh/T/ABqN5Py9PX6/5/OovM9v1/8ArVQeTvx9ew9v/r1zkyly20vcv+Z7fr/9aqDyd+Pr2Ht/9eovN/2v0/8ArVE8nfn69z7f/XrP2nl+P/AM5S5raWsSvJ04+gz/AD/px61U3j0P6f41W8z2/X/61Hme36//AFqmUua2lrEg8nU5+px/TH+f1qJ5Pz9PT6/5/Ko959B+v+NQvJ34+vYe3/16kCbefQfr/jUO8eh/T/Gonk6cfQZ/n/Tj1qpvHof0/wAaAJ/M9v1/+tR5nt+v/wBaqvm+6/n/APXqHzPb9f8A61TKXLbS9wJXk/L09fr/AJ/Oonk6nP1OP6Y/z+tRPJ+fp6fX/P5VE8gx7fqf8/564rOUua2lrASeb7t+f/16jeQY9v1P+f8APXFUfM9v1/8ArVC8hz7/AKD/AD/npipM/aeX4/8AAL+8eh/T/Gs/ePQ/p/jUbyfl6ev1/wA/nUTydTn6nH9Mf5/WgzJXk/L09fr/AJ/OovM9v1/+tVbefQfr/jULyd+Pr2Ht/wDXoAm3n0H6/wCNQvJ34+vYe3/16i83/a/T/wCtUTyd+fr3Pt/9egz9p5fj/wAAleTpx9Bn+f8ATj1qq8hz7/oP8/56Yqr5nt+v/wBao6DMk8z2/X/61Q+b7t+f/wBeo3kGPb9T/n/PXFRbx6H9P8aCZS5baXuSvIMe36n/AD/nrionk78fXsPb/wCvVbzPb9f/AK1VfN91/P8A+vVRjzX1tYzlLmtpaxI8hz7/AKD/AD/npio/N91/P/69Q+Z7fr/9aofN92/P/wCvRKPLbW9yRXk/P09Pr/n8qieQY9v1P+f89cVVeTpx9Bn+f9OPWo/M9v1/+tRGPNfW1gEeTvz9e59v/r1DvHof0/xqN5Py9PX6/wCfzqLzPb9f/rVpKXLbS9znB5Opz9Tj+mP8/rVV5Bj2/U/5/wA9cUPIMe36n/P+euKoPJ35+vc+3/16oxlLmtpaxK8nTj6DP8/6cetVN49D+n+NG8eh/T/GqzydTn6nH9Mf5/Wtox5b63uY1Onz/QHk6nP1OP6Y/wA/rVV5Bj2/U/5/z1xQ8gx7fqf8/wCeuKq1RjKXLbS9z54S44/z/h/QfrV9Ljv/AJ+nT+Y981yf2n3/AM/981eS4+n9Pfnn+lfTSjzW1tY+CjXqv7SVrdH5ef8AdX4nUJIMe36j/P8AnpipUuOf8/4f0P6VziXHb8h/k/1/DvVpLj6/19+eP61nKPLbW9zrp19/c7fa9f7p1qXh/H8v06nr1xVpLj9PzH6/1PauXSTvx9ex9v8A69WkuOf8/wCH9D+lY+z8/wAP+Cd0avNf3bW8/wDgHW+Z7fr/APWq0lx9f6+/PH9a5xLj9fyP6/1HarSXH6fmP1/qe1cso8ttb3OiMuW+l7nW21x0/X/P4/r2/htJcdvyH+T/AF/DvXLpJ0OfXBx/TH+f1q0lx9f6+/PH9azlHmtraxtTqb6duvr5HUJcfX+vvzx/Wr6Sd+Pr2Pt/9eucS4+n9Pfnn+lWkk6HPrg4/pj/AD+tc8o81tbWOynX39zt9r1/unUJJ0OfXBx/TH+f1q0khz7/AKH/AD/nriuXS4+v9ffnj+taiSDHt+o/z/npip9n5/h/wTqjV5b+7e/n/wAA6NLj9PzH6/1Par6XHb8h/k/1/DvXLpJ0OfXBx/TH+f1q+lx+v5H9f6jtWZ1U6m+nbr6+R0aSHPv+h/z/AJ64q0lx3/z9On8x75rnEuP0/Mfr/U9q1EuOP8/4f0H61zmntPL8f+AdGlx2/If5P9fw71aSQ59/0P8An/PXFculx9f6+/PH9a1EuPp/T355/pQdUZc19LWOjSTvx9ex9v8A69Wkk/P09fp/n865xJOhz64OP6Y/z+taiSdePqM/y/rxQaRly30vc3kkOff9D/n/AD1xVpJOvH1Gf5f14rnEk78fXsfb/wCvV9JOhz64OP6Y/wA/rWMo8ttb3NIy5r6WsbyXH0/p788/0q+kn5enp9P8/lWCknfn69x7f/Xq0knfj69j7f8A16k6Iy5r6WsbySd+fr3Ht/8AXq+lx9P6e/PP9KwUk6HPrg4/pj/P61Z3j0P6f40GkZct9L3N9JOhz64OP6Y/z+tSpJ+Xp6fT/P5VjW0np/nqcfz7elX0k/P09fp/n86qMuW+l7mkZc19LWNlJOvH1Gf5f14qVJO/H17H2/8Ar1lpJ+Xp6fT/AD+VSbx6H9P8a2KNnzfdvz/+vUySdDn1wcf0x/n9aoJJ34+vY+3/ANepUkGPb9R/n/PTFAGyknfn69x7f/Xq0knfj69j7f8A16xkk6HPrg4/pj/P61fSTvz9e49v/r1UZct9L3KjLlvpe5spJ0OfXBx/TH+f1qVJPy9PT6f5/KstJO/H17H2/wDr1Kkgx7fqP8/56YrSMua+lrGxrU9JO/P17j2/+vVWHoPof51PVAae8+g/X/Gnp90fj/M1m+Z7fr/9arO8eh/T/GtPaeX4/wDAAvpJ0OfXBx/TH+f1q5Wan3R+P8zUySdDn1wcf0x/n9aqMua+lrAaHme36/8A1quVn1YrojLmvpawFtOp+n9RUtVE6H6/0FTJ1P0/qKoC7Uu8eh/T/GqVWK2jLmvpaxpT6/L9S2nU/T+oqWDv+P8ASqidD9f6Cp/M9v1/+tVGhcqxWfViqjLlvpe4FirFV6kj7/h/WtgLKdD9f6CrdZ9W06n6f1FBMZc19LWL0PQfQ/zqZJPz9PX6f5/OqFWK2jLmvpaxiXI+/wCH9amT7w/H+RqrViqAtp1P0/qKtJ0P1/oKpVYqoy5b6XuBbTqfp/UVLVerFbAWKsVTj7/h/WrKdD9f6CtKfX5fqBMnU/T+oqWq9WK0AlTofr/QU+q8Hf8AH+lWKAHp1P0/qKlqJOp+n9RUtaU+vy/UmUuW2l7hUkff8P61HRWhiFFSJJ0OfXBx/TH+f1qOgCT/AK+P+A/5P+f1qOpJO34/0qOgCxVeiig6AqTy/f8AT/69R0UGdTp8/wBCTy/f9P8A69R1J5nt+v8A9aqydT9P6iplLltpe5oS1UfoPr/Q1brPn7fh/WsRN9FrN/DHZSs1fXW1rro73I/M9v1/+tWfJ2/H+lHme36//WqJ/wDnr+A54/zz19qxqx5uXW1r/jYdL95BS+G9tN90nvp37A8n5+np9f8AP5Vg654h0LwtomqeJPEmp2OhaFoNgdQ1vXNbvv7K0rTtIA/4/tR1EnGevJIHbNeZ/Hv4+/CP9mb4aa58ZPjf4z0fwT8PvCFl/aF/rt7gDULvBP2KwyR/aep60V2jaGbJXgLuYfwLf8FTf+Cv/wAU/wDgoJr9/wDDT4Zf2x8Of2ZdDvQNE8EY/sjV/G4BJGu/EQ55AJOPB2eMnPJJPtZHw5ic2qxvS5qLtrvdO935Wt5r56HwPF3GmA4ZpSouvSqYmpUhTgqVV7/acrQdrcystebXVWufpR/wU7/4OM725k174J/8E/QLbBu9H139oy9sSdVz/wAxD/hVenH0P/MZIHI3AAgY/km8S65qmua/deL/AIgeIdZ8UeJ/FV8dY1z7dff2t4g1LWOQDqOo9h36flWNqWuW+h4s7P8A4/8A7CP9OviO3+cHrXBveXgn+0T8XV50viemff8AQ9M8HpX7Jl+Q4TLKThCnebtap8L929/d1vv/ADfpb+ds1zjOOIMRz47EVZUpNxoKnNw5Ye7eErJqSirWdrvtqWtV1zVNQ/0iS8+y2Fn/AMeNjYnp19x/T1rjdY1S8861tov9Ktbz0/l7cDmr+sXFv/yz/wBFuv8AkH3w/Q/59MfWuXuf9I/0ez+3/wCic31if8+2ODXa1Vdv3m393zT/AJvL9T0ctpUuVRVD2aly/bUr2d9uSNree97mXe6p5n2ry/sP2b/lyvrL/mGnI79fTv2Nef6xZ6pGLm3fi2vP6cgg888/jXbf9BQW4sLW2Pp37/jznH9O/L6rp+p2ctzeT2hubX7CRZX2BjHbGPqfXtz3rjlGcbcs7X39297W8z7TLYUqVWPsnzci16N35ba67Wffq/XyDW9KuIvs3+mC6+1n/Qb3njHHOeevrXB6rBb2dyfL/wBJz16449QK7PW9Qt44bq3N5/pX8/z7Y+ntjIrz17j9fzP6/wBR3r5DNqtKHN797q21rWUd9ep+x5RCssNzVJW5uWytfZO+/wAvzuVX6j6f1NMoor5aVT2s5Sty3adr36W3su3Y9ci3n0H6/wCNGw+o/X/CpaKXrZ/L09eq/LsAUUUVx1Onz/QAqvViis/ac/S1vO+/yXYBJup+o/lUXley/l/9apqKACiiigCHzfdfz/8Ar1NTNg9T+n+FPoAKKKKqMuW+l7gFFFQ+b7r+f/16kA8r2X8v/rVLD1H1P8qWiqlHltre4BRRRSVSMPidr7fLf8wCiiitYy5r6WsAVYt5LiLItx6/5/U/56V6SbqfqP5V2UJyoT9pB2mrcsrbd/v+WwpLmi497eez8mvzPXvDHiu4t57a8vbz1z+H049c/wAjyK+kfDHiX7RDdR295/pX/T9x/wDrHr/Svh62uPL/AA/kOnf/ACT27/RHw61i3Hz2hFrjODfYx6dc/lg/ia+4yfMp1qNHlfw3urreVt9L9NNT8+4syCFTCzxEKVpq9r68qbjfte+i2VrXs919U2F5cf6y4/0UfTJ/+t9eK9BthcSf6PZ3v+gfX36Z/wD115Bo+sG8+zXH2T/S7M4F8P8AkE+3b29f5V6DZ3Fx/ovkfYP+gh/x/f5+uT/jX2cKkZ35Xe1r/Pb8n9x/O2cYaqqlSPL8PLr3sl06bL7zt/tlxcQ+ZafYLrpkj6+hPpit62uP+XcZuvtlj/px6fTjH5Hr+NYNncf2f/o+Pst1ec5sf88/Tk/03ra4/ff8ef8AkH/P/wCqutaQjH+Xr30itv8At3v1PgsyhVTl+76Lr2s+3kWn/dwn8M++f5dvx9qi+0eX9quLj+0LrtYn+n+fw61KlvcR/ZbfH2a1/wCX7/I/z/Uuo/M/0f7Zi7/z/n8OcYqpR5ba3ueVGvSl9q23S+/z81/SZQe3uI4fM/0/7Uc/bf8AoE9P/rZ9PxqhaxXF7eW2n2dnm6lvRYHn+1c6x07+p/xFbN5b3GnkbxYG1P8AxMB3P+fTvmvbvhp4D8v/AImmoWhOs6lgWFj9Bjv0/toj2/HpWVatQoR56lW0Or5dtul9d322flfapj40qUaeHg/azvGnLns3U93khbl+1d3d21a1rvT6B/Zk/Z88X/Gv4i/D/wCCnw3s/tOu+L76zsLI2Vj/AMg3R+uo6+SeBx/npX+jn+zp8DfB/wCzf8F/h/8ABDwJZ/ZfDHgPQ7LTs451K7H/ABM/EOu56kazqxJwehYgdyfyn/4I4f8ABPP/AIZo8B/8L8+JGmEfGn4m6H/oWh3wGPhx4Dwf+JfyDnxPrOQfEJUjkAE8Mtft7bf8en5/0r8Y4u4gWNrPD0daPvc0Of4b8nL9hJ3SdlZWtqtbH9L+CPAE+H8JiuIMe6tTH5rVnWpyq9Kc+azTu9rptW9+8W+W2uinU/T+oqyn73+mOOvXOc9Mf/rqJI/z9fT6f5/Kr/8Ao+f9H9O/rjv7/rjPvXx8Zc19LWP6IHUUxOh+v9BUv/Lb/gP9Kozp9fl+pNRRUf8ApP8AnNTKXLbS9zQkg7/j/SpU6H6/0FRVYqgGIPK549up9fx7mrdVNg9T+n+FPoAsUVD/AKz06e/TP8+amraMua+lrAFQ+X++/H9enp0zS7D6j9f8Ksydvx/pVFSjy21vcjoqLefQfr/jVn7/ALY/Hr+XpQSVn6j6f1NG8+g/X/Gj/r4x0/Dp79/6fhTKmUuW2l7kyjzW1tYenU/T+oqF+g+v9DRvHof0/wAaHk78fXsPb/69ZylzW0tYoig7/j/Sift+H9aKKkAoqJOp+n9RTKz9p5fj/wAABj9B9f6Gn0x+g+v9DT6mUua2lrAFU5O34/0qSipAr0jyfn6en1/z+VLUT9R9P6mgA3n0H6/40ymP0H1/oaioAKrTdT9R/KlpryHPv+g/z/npisZS5raWsAs3U/Ufyqp5nt+v/wBah5Opz9Tj+mP8/rUdSAVBN0P0H86Juh+g/nVF5O/P17n2/wDr0ASvJ04+gz/P+nHrVV5Dn3/Qf5/z0xQ8hz7/AKD/AD/npiqvme36/wD1qzp9fl+oBJ2/H+lVt59B+v8AjRvPoP1/xqo8nTj6DP8AP+nHrWMpcttL3AleTvx9ew9v/r1F5v8Atfp/9aq9FYgFM3j0P6f41FVes/aeX4/8ACTzPb9f/rVFN1P1H8qj3n0H6/40bz6D9f8AGplLmtpawD/N92/P/wCvUbyDHt+p/wA/564qLePQ/p/jUTydOPoM/wA/6cetSBLvHof0/wAareZ7fr/9aoN49D+n+NRvJ+Xp6/X/AD+dZ1Onz/QCTePQ/p/jUbyfl6ev1/z+dVXk/P09Pr/n8qieQY9v1P8An/PXFZgSvJ+fp6fX/P5VBTN49D+n+NVvM9v1/wDrVMpcttL3As7x6H9P8areZ7fr/wDWqB+g+v8AQ1FU+08vx/4AEu8eh/T/ABqKo3k6nP1OP6Y/z+tUHk78fXsPb/69ZgX3k6nP1OP6Y/z+tUHk78fXsPb/AOvUTydOPoM/z/px61E8nfn69z7f/XrP2nl+P/AAleTpx9Bn+f8ATj1qJ5O/P17n2/8Ar1DvHof0/wAaoeb7t+f/ANesznNB5Dn3/Qf5/wA9MVV8z2/X/wCtUPm+7fn/APXqN5Bj2/U/5/z1xQBJ5vu35/8A16rPJ34+vYe3/wBejePQ/p/jWfvHof0/xoAtvJ04+gz/AD/px61VeQ59/wBB/n/PTFRPJ+Xp6/X/AD+dRPJ1Ofqcf0x/n9amUuW2l7gTeb7r+f8A9eofM9v1/wDrVD5vu35//Xpm8+g/X/Gs5S5raWsBI8n5+np9f8/lVB5OnH0Gf5/049aieTvz9e59v/r1DvHof0/xqTGUua2lrE/me36//WqF5Dn3/Qf5/wA9MVH5vuv5/wD16h8z2/X/AOtQSTeb7r+f/wBeofM9v1/+tVbefQfr/jUO8eh/T/GgCbefQfr/AI1C8nfj69h7f/XqJ5OnH0Gf5/049aieTvz9e59v/r0GftPL8f8AgErydOPoM/z/AKcetRPJ35+vc+3/ANeqDydTn6nH9Mf5/Wonk/P09Pr/AJ/KgzJXk6nP1OP6Y/z+tQ+b7t+f/wBembz6D9f8aZQBN5vu35//AF6jeQY9v1P+f89cVFvHof0/xqt5nt+v/wBagxlLmtpaweZ7fr/9aoXkOff9B/n/AD0xUfm+6/n/APXqF5Opz9Tj+mP8/rQSSvJ+Xp6/X/P51U833b8//r0eb7t+f/16jeQY9v1P+f8APXFbRlzX0tYmUuW2l7g8gx7fqf8AP+euKq1E8nfn69z7f/XqJ5Dn3/Qf5/z0xRKPNbW1gjLmvpaxK8nfn69z7f8A16qvJ+Xp6/X/AD+dRPJ1Ofqcf0x/n9arP1H0/qaoxJaqPJ34+vYe3/16Hk78fXsPb/69VXk78/Xufb/69BjKXNbS1geTvz9e59v/AK9Qv0H1/oaN49D+n+NUXk/P09Pr/n8q2jHlvre5j7Ty/H/gErydTn6nH9Mf5/WqryDHt+p/z/nrih5Bj2/U/wCf89cVVeTpx9Bn+f8ATj1qjGUuW2l7hVV5Dn3/AEH+f89MUPIc+/6D/P8Anpiqvme36/8A1q2jHlvre5zyly20vc+VftHs351fS44/z/h/QfrXJJcdvyH+T/X8O9aiXHf/AD9On8x75r6b2fn+H/BPzeNXlv7t7+f/AADo0uP1/I/r/UdqvpcfT+nvzz/SuSS4/T8x+v8AU9qvpcdvyH+T/X8O9Hs/P8P+CdEavLf3b38/+AdQlx2/If5P9fw71aS4+v8AX354/rXLpcfX+vvzx/WrSXHf/P06fzHvmsZR5ra2sdkavNf3bW8/+Adalx+n5j9f6ntVpLjn/P8Ah/Q/pXLpcc/5/wAP6H9KtJeH8fT/AOv3+mf/AK2cY819bWOyNeEPi0va2vZ2fba9zskuP1/I/r/UdqtJcfp+Y/X+p7Vy6XH6fmP1/qe1WkuOf8/4f0P6Vj7Pz/D/AIJ2Rq81/dtbz/4B1qXHb8h/k/1/DvVpLj6/19+eP61ziXH6/kf1/qO1Wt49D+n+Nc/s/P8AD/gnRGXLfS9zrUuPp/T355/pVpLjt+Q/yf6/h3rl0uO35D/J/r+HerSXn5fh/wDqHv0rGUea2trHTCtF35vd2t9q/fta2n9I7JLjv/n6dP5j3zVpLj6f09+ef6Vy6XH0/p788/0q0lx2/If5P9fw71y+z8/w/wCCdcavLf3b38/+AdQlx2/If5P9fw71fS4/X8j+v9R2rnEuO/8An6dP5j3zVpLj6f09+ef6Uez8/wAP+CdEavLf3b38/wDgHUJefn+P/wCs+/Wr6Sfl6en0/wA/lXJJJ0OfXBx/TH+f1q+lx+v5H9f6jtWMo81tbWOqnU307dfXyOoSTvz9e49v/r1qJcc/5/w/of0rkkuPp/T355/pWolx9f6+/PH9axOinU307dfXyOjS44/z/h/QfrV9Ljv/AJ+nT+Y981ySXH6/kf1/qO1aiXHP+f8AD+h/Sg6Do0uPp/T355/pWokhz7/of8/564rl0uPr/X354/rV9Lj9PzH6/wBT2qZR5ra2sae08vx/4B0aSdePqM/y/rxVpJBj2/Uf5/z0xXOJcc/5/wAP6H9K1EuP1/I/r/Udqn2nl+P/AADQ2Uk6HPrg4/pj/P61fS4/X8j+v9R2rnEuO/8An6dP5j3zWoknQ59cHH9Mf5/WoUZS+FXtvra19joN5JBj2/Uf5/z0xVpJOhz64OP6Y/z+tYKSHPv+h/z/AJ64q0lx3/z9On8x75pxly30vc2jLmvpaxvJIc+/6H/P+euKtJJ14+oz/L+vFYySfn6ev0/z+dWkk/L09Pp/n8q2KNlJBj2/Uf5/z0xUqSfn6ev0/wA/nVBJOvH1Gf5f14qVJO/H17H2/wDr0AbKSHPv+h/z/nrirSSdePqM/wAv68VjJJ+fp6/T/P51fSQ59/0P+f8APXFVGXLfS9wNXefQfr/jVlJOhz64OP6Y/wA/rWWknXj6jP8AL+vFWkkGPb9R/n/PTFbHQae8eh/T/Gpk6n6f1FUPM9v1/wDrVN5vuv5//XoA0949D+n+NWkk/P09fp/n86y06n6f1FS1UZct9L3A1Ek6HPrg4/pj/P61aSQ59/0P+f8APXFUEk/P09fp/n86l8z2/X/61aRlzX0tY09n5/h/wTUqVOh+v9BVBJDn3/Q/5/z1xU3me36//Wran1+X6mZfTqfp/UVLVRJO/H17H2/+vU28+g/X/GtALtSp0P1/oKoeb7t+f/16tVpT6/L9QLaSd+fr3Ht/9epfN/2v0/8ArVVSQ59/0P8An/PXFSpJ35+vce3/ANetALtXI+/4f1qhvHof0/xq3WlPr8v1Akj7/h/WrKdD9f6CqVWYeg+h/nWh0FpOp+n9RV6HoPof51mJIc+/6H/P+euKvp0P1/oK0p9fl+pzllPuj8f5mpo+/wCH9ap1cj7/AIf1rQCZPvD8f5GrKdT9P6iqyfeH4/yNSw9R9T/KgC8nQ/X+gq1D1H1P8qqp0P1/oKmTqfp/UV0AWY+/4f1qynQ/X+gqjD1H1P8AKrNaU+vy/UCxViq9WIO/4/0rQAqxVerFAD06n6f1FCdT9P6il/5dv8+lInU/T+oroM6nT5/oS0UUUExly30vcs/6v0AA9zwT+fX/ADiopO34/wBKjqz/AKv0AA9zwT+fX/OKCqfX5fqRSdvx/pUdSSdvx/pUlBmR+X7/AKf/AF6Hj6jH1Gf65/z+lSVHJ2/H+lB0EdSeZ7fr/wDWqOigmUea2trBUW8+g/X/ABqWq9Z1Onz/AECMeW+t7jTII/wABz+n1P0/xqo/UfT+pqWDv+P9KiceVzz79D6fh3FYyfLBytezSttu7b/8Aclb95v7NX5e92uvS1uzKEnb8f6V4L+0p+0d8K/2UvhN4s+NXxj8Qf2F4T8OWPOCv9reIdXKudN0Pw/ppZTqniZmUqMZO49Nquy+m/EP4geD/hX4G8W/Ej4gapYeF/BHhDQ73xB4q1y9/wCYbo+nA9e38xnjvX+cp/wVD/4KP/ED/goZ8b7rULi8vtB+AXgO/vP+FWfDoAY07SMYPi7xHz/xM/FGtgAeugAAele/kPD9TNcTTdSL9lDWouW/LzO8deZXuoyv2XXU/OeOuMMLwzgXSqVfZ4zF0o01RcuWpT9ta8prll/Dsmlop33iou/Ef8FHP+Ci/wAaP+Ch/wAUP7c8SSz+E/hX4PF5/wAKr+Gdl/yL/hy01E5Ov+IiBjU/FH/UYAA7AAYA/LLxJ4jtx9p0vSx9lz/xL77PAPPt9Ox5I9q1/GHiD7N/xK7P/l8/p6d+efT0rzprf9x5cd5mXHr/APq9f85r9rwuCwWCoxp4an78d6l7dre6k/PXmufzNDE4vOK88bmFWrWhK3Iqk+Zyu3zNO0eS1o3XLK91tytPLSO3k/0i5vB/n2//AFfrVX7Ncf6V5ln7f5/LP4YrTSP7P/pH+n/ZMf0/p/nmo3+zydbw2tr9u+gH+B5rT4/K3z3+7sexhq9KMXHmbtbW1t/L+uvZmNbaX++/ef8AH1Z/8uOPXj+f6Grx0+2uJv3f/H/ZH/j+/HP6en/1q0Et7c2H+kf8/wB9P89B+dZf+rg8v/j0uryx459O/sPw64xUxly30vc3jWqyko81r319LdL+Zy+q6f8A6B/o95+H59/z/U+1eTeJ7y40+8+x5+1Yxi+I/LAx/nsOOPStb1D7ZBdSWf8Aov2PB+3Hv6g4/wAj2rytri4/0qSzzdXVn/z/AH/QHH6fl6+1efVly8ul73/Cx9xw/GqqUPa67KO/le+ulna3yvpv4D4hkuZLm64/dc/ge3t+Hb9K5Sum168jfVbr7HcfabX1PXnp168E/wCcVy2wep/T/Cvz3M6sMRVk6bvCatGfe1r6fhvufumEp/uIa9O2uy313/Sw+miPy/yP09T7/nVt/P4zn8P65/z1o2XHqf8AP4VxrAcn/Lu9+7ttb/O33+p2lamvIc+/6D/P+emKVI+eOSO/QCpfL9/0/wDr1NShV933e/X0/wA/wfUCOimiPy/yP09T7/nTq894Oq5ylp7yirdrK29+t+2mvZgFFJD1H1P8qWs1SvOceb4VF3tvzJva+lrd2A3/AFfr19s5/wAOKdRUPley/l/9asQJqKKKACmbx6H9P8aY/wB4/h/IVNQAU1/3Yxx6jqeO59adRQAVXqxUPley/l/9agCaofN91/P/AOvQn3h+P8jU1ABRVerFVKPLbW9wCiiiiUua2lrAFFFFdVTp8/0Ak8v3/T/69dR4e1D7HN5dxd4tvQHjqO3bt/nFcnRXdhcVVo1aOvNyc3le/L5NLbsznxOHhiqUqNT4Jbq17/ij7R8Ga4JP9IF5Yf8AHj/Z/wCuMf44xnv3r23R7i3uIf8AR7zp/wATD7Dfevp054wDzk+lfAPhjXTp83l/aP8Aj7GPf1549z2/SvrjwH4kuNUtvtgz9ls/sX+f5/j7gV+j5bj44ihRp05KpN3tG/La/L1tK9/0PwrjXhp4ajiK0KdoWXO7bfDy9bveS2vprc+h7a8095vL+x/6T17aT16j05/TvWpbXmoeT9o+2fp/n1/lmuXs3uJLC11D/j6+2X/T/kEjHP8AT/8AVzXUJmSH92D/ANBD/Tv8/X+XtX0NKXNzaWtb8bn4djKEad6Uv3l3pK3Lbls9ryve/fS3W5upqHlw/bB/x9D6fT3/AM/QVb+2aeJvtFv9g/7cfy/T059K5zSj/ak1rZ2dnf3V/wBe4x+H1579RnFfVXwl+BfiTxn4q8OeG/Del3/jL4g69ff2foWh6HY/2t/xOP8APGcA0Vq0MPSnWxE6VCEba1anLzXvflvHXl0v2uj57HUMPTlSwtOhVnia9WNGFCjF1JynJR5Va8b6J9fxtbjPA3g68uJrW81Sy/0q8/48bHA+v28Ej+Xp2r+s/wD4JEf8ErNU1HVtB/am/aU8JnS9B029s9Z+Dvw61ywP9rajrHI03xd4y08gqdMz/wAi+p5AOT7/AER/wTU/4ItaZ8GY/Dvxf/as0zQdd8b6dm/8K/Cwf8Tbw/4b1c/8x/xl/wBDLquOmkD/AIkHTrxn+h7y/f8AT/69fl3E/FjxDeDwa3vaPPt8G65Fe9vL7rs/a/DXwmxmNnh+IuKYOPLVoVcDhJ078sKfPaVa9SN7c0eRWV/e7aon7z95/nt1/wD18mrSR9uPp2Hv/wDWqVIxj2/U/wCf89c1Kkf5+vp9P8/lX5pGc51XWqPmnpzPbm1T7u23nvc/qOEPZU6dDCUaVCjSvywpQ5filD4nf3ttNFbXe5LH3/D+tCR9Bj1wM/1z/n9Kl/1foAB7ngn8+v8AnFS/+iv8/wDj3+etbU+vy/UZKnU/T+oqWj/rn+P9fu/hQg/5aY9sZ/Djj6HmtCoy5b6XuRJ1P0/qKlon7fh/Wig2CDv+P9Kl3j0P6f41FRQBLsHqf0/wp9FFAD959B+v+NH/AE78dPbp0/Pt6fzplP2H1H6/4VtKXLbS9zOp0+f6BvPoP1/xqF+g+v8AQ1MnU/T+oqWiMua+lrGhXp+8+g/X/God49D+n+NCR9uPp2Hv/wDWqfaeX4/8AmMua+lrB/03469Of8479M9qfUf+k/5zSv0H1/oazKIqJ+34f1qxVegASTrx9Rn+X9eKJ+34f1qPzPb9f/rVHQAUzePQ/p/jT6Y/QfX+hrnAiqxVepnkOff9B/n/AD0xVTlzzlK1ru9r3tpbey/ICGq03U/Ufypar1IDnk/fdsY/Hp9euP1qJ+g+v9DRvHof0/xqJ5OnH0Gf5/049az9p5fj/wAACJ+o+n9TUO8eh/T/ABo3j0P6f40zzfdfz/8Ar0e08vx/4AB5vuv5/wD16heTqc/U4/pj/P60PJ1Ofqcf0x/n9ajrMBvm+7fn/wDXpm8+g/X/ABpHkGPb9T/n/PXFUfM9v1/+tUyly20vcBHk78/Xufb/AOvVV5Py9PX6/wCfzoeT8vT1+v8An86o7z6D9f8AGsQLLydTn6nH9Mf5/WqDyd+Pr2Ht/wDXofoPr/Q1F5v+1+n/ANaplLltpe4A8nTj6DP8/wCnHrVembx6H9P8arPJ1Ofqcf0x/n9a5faeX4/8ACzvHof0/wAareZ7fr/9aonk/P09Pr/n8qj3n0H6/wCNZgP833b8/wD69RvIMe36n/P+euKi3j0P6f41W8z2/X/61AFnePQ/p/jVbzPb9f8A61Qbx6H9P8ajeT8vT1+v+fzrOp0+f6ASvIc+/wCg/wA/56YqJ5Py9PX6/wCfzqJ5Opz9Tj+mP8/rVV5Bj2/U/wCf89cVmBK8n5+np9f8/lUe8+g/X/God49D+n+NVvM9v1/+tQBZ3j0P6f41W8z2/X/61Qbx6H9P8aZ5vuv5/wD16mUuW2l7gP3j0P6f40zzfdfz/wDr1D5nt+v/ANaq28+g/X/GsQLLydTn6nH9Mf5/Wq28+g/X/GoXk78fXsPb/wCvUXm/7X6f/WoJlLltpe4PJ04+gz/P+nHrUTyd+fr3Pt/9eod49D+n+NVnk6nP1OP6Y/z+tZ+08vx/4BiWd49D+n+NVpO34/0qJ5Pz9PT6/wCfyqPefQfr/jWYEjyfn6en1/z+VR7z6D9f8ah3j0P6f41W8z2/X/61AFnePQ/p/jUTydOPoM/z/px61U3j0P6f41G8n5enr9f8/nUyly20vcBfN91/P/69QvJ1Ofqcf0x/n9aieT8/T0+v+fyqJ5Bj2/U/5/z1xRKXLbS9wJXk/P09Pr/n8qieQY9v1P8An/PXFVXk6cfQZ/n/AE49aj8z2/X/AOtWJnU6fP8AQR5O/P17n2/+vUTyHPv+g/z/AJ6YpN49D+n+NVvM9v1/+tQZk3m+6/n/APXqHzPb9f8A61VXkGPb9T/n/PXFRbx6H9P8aAJXkGPb9T/n/PXFRbx6H9P8aieTpx9Bn+f9OPWonk78/Xufb/69BMpcttL3JfN/2v0/+tUTyd+fr3Pt/wDXqHePQ/p/jVbzPb9f/rUGJaeQ59/0H+f89MVV8z2/X/61Q+b7t+f/ANembz6D9f8AGgA3n0H6/wCNMpm8eh/T/Gq3me36/wD1qDP2nl+P/ALO8eh/T/Gqr9R9P6mod49D+n+NRvJ+Xp6/X/P50EylzW0tYleQ59/0H+f89MVE8n5enr9f8/nUTydTn6nH9Mf5/WofN92/P/69BIryfn6en1/z+VR7z6D9f8aN59B+v+NZ7yd+fr3Pt/8AXoJlLltpe5K8nTj6DP8AP+nHrUfme36//WqOoHk/L09fr/n860p9fl+pnKXNbS1geT8vT1+v+fzqJ5Opz9Tj+mP8/rQ8nU5+px/TH+f1qnWhnKXLbS9x+8+g/X/God49D+n+NRPJ04+gz/P+nHrVV5Dn3/Qf5/z0xQYkryd+fr3Pt/8AXqHePQ/p/jVbzPb9f/rVE8n5+np9f8/lW0Y8t9b3MZS5raWsDyfn6en1/wA/lVV5O/H17D2/+vQ8nfj69h7f/Xqt5nt+v/1qo56suXl0ve/4WDzPb9f/AK1VHk/L09fr/n86Hk/L09fr/n86ieTqc/U4/pj/AD+tbRjy31vczlLltpe4PJ1Ofqcf0x/n9ah833b8/wD69M3n0H6/41UeTpx9Bn+f9OPWqMalTbTv19PI+N0uO/8An6dP5j3zVpLj6f09+ef6Vzfm+7fn/wDXqZJOhz64OP6Y/wA/rX2lSht7/f7Pp/ePy2NXlv7t7+f/AADqEuO35D/J/r+Her6XH6/kf1/qO1cklx9f6+/PH9avpcfp+Y/X+p7Vz+z8/wAP+CdEZc19LWOoS4/T8x+v9T2q+l5/9c4/p/nvz2rkkuOf8/4f0P6VfS4+v9ffnj+tZ1Ke2vfp6eZt7Ty/H/gHUJcfX+vvzx/WrSXHf/P06fzHvmucS4/T8x+v9T2qVLj6f09+ef6Vn7Pz/D/gnVGry3929/P/AIB1qXHP+f8AD+h/Sr6Xn5fh/wDqHv0rl0uPr/X354/rVpLjv/n6dP5j3zWMo81tbWOr2/8Ac/8AJv8A7U61Lj9PzH6/1ParSXHP+f8AD+h/SuXS45/z/h/Q/pV9Lz8vw/8A1D36Vj7Pn62t5X3+a7HZTr','2015-08-15/55cf4968d2649.jpg','1','2','1439648104','1439648104','3','0','0','0','','','','0'),
('16','阿萨德阿萨德撒的阿萨德','<img src=\"http://admin5.com/a5dao/advload/54f6fb1cf079f.gif\" style=\"width: 200px;\"><br>阿萨德后卡萨丁后卡萨丁<br>撒d阿萨德<br>sad as的<br>阿萨德<br>as的<br>阿萨德<br>sad <br>阿萨德<br>\r\n\r\n                                    ','2015-08-15/55cf4abd638c8.jpg','1','2','1439648445','1439648445','15','0','0','0','','','','0');-- <xjx> --

-- 表的数据：blog_blogliuyan --
INSERT INTO `blog_blogliuyan` VALUES
('1','1','李传明','13552875303','731371050@qq.com','阿什顿卡收到款阿什顿卡收到款阿什顿卡收到款阿什顿卡收到款阿什顿卡收到款阿什顿卡收到款阿什顿卡收到款阿什顿卡收到款阿什顿卡收到款阿什顿卡收到款阿什顿卡收到款阿什顿卡收到款阿什顿卡收到款阿什顿卡收到款','1439044923','127.0.0.1'),
('2','1','蜡笔小新','13552875303','12739123@qq.com','啊实打实即可活动空间按时的空间按时后即可啊实打实即可活动空间按时的空间按时后即可啊实打实即可活动空间按时的空间按时后即可啊实打实即可活动空间按时的空间按时后即可啊实打实即可活动空间按时的空间按时后即可啊实打实即可活动空间按时的空间按时后即可啊实打实即可活动空间按时的空间按时后即可','1439102571','127.0.0.1');-- <xjx> --

-- 表的数据：blog_code --
INSERT INTO `blog_code` VALUES
('1','hkjchkagyaisu','1','7313710150@qq.com'),
('3','aaaaaaaa','1','73137105120@qq.com'),
('4','123','0',''),
('5','','0',''),
('6','XXS7761829','0',''),
('7','XXS8769401','0',''),
('8','XXS8764819','0',''),
('9','XXS8767702','0',''),
('10','XXS8767350','0',''),
('11','XXS8765157','0',''),
('12','XXS876306','0',''),
('13','XXS8761416','0',''),
('14','XXS8765367','0',''),
('15','XXS8769565','0',''),
('16','XXS8768899','0',''),
('17','XXS8763627','0',''),
('18','XXS8769457','0',''),
('19','SSS899277356','0',''),
('20','SSS899275443','0',''),
('21','SSS899277445','0',''),
('22','SSS899276785','0',''),
('23','SSS899274054','0',''),
('24','SSS899271150','0',''),
('25','SSS899272610','0',''),
('26','SSS89927373','0',''),
('27','SSS899273232','0',''),
('28','SSS899277228','0',''),
('29','SSS899278224','0',''),
('30','SSS899272926','0',''),
('31','SSS899279579','0',''),
('32','SSS899274614','0',''),
('33','SSS899276475','0',''),
('34','SSS899272880','0',''),
('35','SSS899272781','0',''),
('36','SSS899279247','0',''),
('37','SSS899274550','0',''),
('38','SSS899273675','0',''),
('39','SSS899277525','0',''),
('40','SSS899272063','0',''),
('41','SSS899274637','0',''),
('42','SSS899273747','0',''),
('43','SSS899273501','0',''),
('44','SSS899279000','0',''),
('45','SSS899273923','0',''),
('46','SSS899276534','0',''),
('47','SSS899275394','0',''),
('48','SSS89927996','0',''),
('49','SSS899274595','0',''),
('50','SSS89927473','0',''),
('51','SSS899272893','0',''),
('52','SSS899273988','0',''),
('53','SSS899273842','0',''),
('54','SSS899279002','0',''),
('55','SSS89927685','0',''),
('56','SSS899278914','0',''),
('57','SSS899273851','0',''),
('58','SSS89927559','0',''),
('59','SSS899278457','0',''),
('60','SSS899271710','0',''),
('61','SSS899271808','0',''),
('62','SSS899278580','0',''),
('63','SSS89927897','0',''),
('64','SSS899273316','0',''),
('65','SSS899279903','0',''),
('66','SSS899271503','0',''),
('67','SSS899277693','0',''),
('68','SSS899279667','0',''),
('69','SSS899275321','0',''),
('70','SSS899272767','0',''),
('71','SSS899273531','0',''),
('72','SSS899271702','0',''),
('73','SSS89927252','0',''),
('74','SSS89927808','0',''),
('75','SSS899278100','0',''),
('76','SSS899275358','0',''),
('77','SSS899271882','0',''),
('78','SSS899279063','0',''),
('79','SSS899276087','0',''),
('80','SSS899271572','0',''),
('81','SSS899272398','0',''),
('82','SSS899275971','0',''),
('83','SSS899277180','0',''),
('84','SSS899276283','0',''),
('85','SSS899278988','0',''),
('86','SSS899274969','0',''),
('87','SSS899276065','0',''),
('88','SSS89927427','0',''),
('89','SSS899273841','0',''),
('90','SSS899274494','0',''),
('91','SSS899272431','0',''),
('92','SSS899279943','0',''),
('93','SSS899274142','0',''),
('94','SSS899277984','0',''),
('95','SSS89927965','0',''),
('96','SSS899275767','0',''),
('97','SSS899272080','0',''),
('98','SSS899273876','0',''),
('99','SSS899271355','0',''),
('100','SSS899273837','0',''),
('101','SSS899274843','0',''),
('102','SSS899275609','0',''),
('103','SSS899278287','0',''),
('104','SSS899275090','0',''),
('105','SSS899274617','0',''),
('106','SSS899271618','0',''),
('107','SSS899271450','0',''),
('108','SSS899275465','0',''),
('109','SSS899278591','0',''),
('110','SSS899275343','0',''),
('111','SSS899275531','0',''),
('112','SSS899275899','0',''),
('113','SSS899278951','0',''),
('114','SSS899275219','0',''),
('115','SSS89927217','0',''),
('116','SSS899272328','0',''),
('117','SSS899272885','0',''),
('118','SSS899274686','0',''),
('119','SSS89927196','0',''),
('120','SSS899275691','0',''),
('121','SSS899272581','0',''),
('122','SSS899272180','0',''),
('123','SSS899275156','0',''),
('124','SSS899271925','0',''),
('125','SSS899275226','0',''),
('126','SSS899271138','0',''),
('127','SSS899279784','0',''),
('128','SSS899271968','0',''),
('129','SSS899273008','0',''),
('130','SSS899270','0',''),
('131','SSS899273767','0',''),
('132','SSS899271757','0',''),
('133','SSS899273114','0',''),
('134','SSS899272200','0',''),
('135','SSS899271793','0',''),
('136','SSS899272229','0',''),
('137','SSS899277732','0',''),
('138','SSS899276179','0',''),
('139','SSS899273550','0',''),
('140','SSS899279323','0',''),
('141','SSS899274049','0',''),
('142','aaa3903045372','0',''),
('143','aaa3903043724','0',''),
('144','aaa3903043975','0',''),
('145','SSS678585341','0',''),
('146','SSS6785859896','0',''),
('147','SSS678585582','0',''),
('148','SSS678585237','0',''),
('149','SSS678585584','0',''),
('150','SSS6785856999','0',''),
('151','SSS6785852964','0',''),
('152','SSS6785855455','0',''),
('153','SSS6785852526','0',''),
('154','SSS6785859317','0','');-- <xjx> --

-- 表的数据：blog_comment --
INSERT INTO `blog_comment` VALUES
('1','测试回复2222222222222222','731371050@qq.com','暗黑世界肯定和空间啊和空间安达市后金卡是的话卡收到后的阿萨德阿萨德安达市还款吉安市卡收到后卡仕达卡仕达空间撒的','1','0','1439308818','8'),
('2','按时大时代','3123123@qq.com','阿萨德阿萨德阿萨德阿萨德阿萨德阿萨德阿萨德阿萨德阿萨德阿萨德阿萨德阿萨德阿萨德阿萨德阿萨德阿萨德阿萨德阿萨德阿萨德阿萨德','0','0','1439308845','8'),
('3','好不好使~','123@qq.com','阿萨德还款吉安市的空间很大空间撒和到喀什很卡是电话卡收到后卡收到后看阿萨德','1','2','1439314555','8'),
('4','测试啊','12739123@qq.com','阿萨德记录卡时间段了卡萨点击了卡萨丁是的','0','0','1439385685','5'),
('5','测试回复','12739123@qq.com','哈就是还款吉安市','1','0','1439635282','5'),
('6','啊啊','12739123@qq.com','撒撒按时按时','1','2','1439635389','5'),
('7','阿萨德阿萨德','12739123@qq.com','撒的','1','0','1439635463','5'),
('8','阿萨德阿萨德','12739123@qq.com','撒的','1','0','1439635571','5'),
('9','qq@qq.com','qq@qq.com','qq@qq.com','0','0','1449147882','17'),
('10','qq@qq.com','qq@qq.com','qq@qq.com','0','0','1449147887','17'),
('11','qq@qq.com','qq@qq.com','qq@qq.com','0','0','1449147892','17'),
('12','qq@qq.com','qq@qq.com','qq@qq.com','0','0','1449147897','17'),
('13','qq@qq.com','qq@qq.com','qq@qq.com','0','0','1449147902','17'),
('14','qq@qq.com','qq@qq.com','qq@qq.com','0','0','1449147907','17'),
('15','qq@qq.com','qq@qq.com','qq@qq.com','0','0','1449147912','17'),
('16','asd','qq@qq.com','asd','0','7','1449148139','17'),
('17','我是谁','123@qq.com','asd asd asd asd asd ','1','0','1452018004','18'),
('18','阿萨德','22@qq.com','撒的','1','0','1452018217','18'),
('19','阿萨德','22@qq.com','撒的','1','0','1452018282','18'),
('20','阿萨德','22@qq.com','撒的','1','0','1452018416','18'),
('21','阿萨德','22@qq.com','阿萨德','1','0','1452018501','18'),
('22','阿萨德','qq@qq.com','阿萨德','1','0','1452018558','18'),
('23','123','qq@qq.com','123','1','0','1452018618','18'),
('24','阿萨德','qq@qq.com','阿萨德','1','0','1452018634','18'),
('25','213','qq@qq.com','123','1','0','1452018668','18'),
('26','123','123@qq.com','123','1','0','1452018684','18'),
('27','asdasd','asdasd@qq.com','sadasd','1','0','1452018950','18'),
('28','阿萨德','asdasd@qq.com','asassa','1','0','1452018991','18'),
('29','asdasd','qq@qq.com','as','1','0','1452019010','18'),
('30','asdasd','qq@qq.com','as','1','0','1452019039','18'),
('31','阿萨德','qq@qq.com','a','1','0','1452019069','18'),
('32','阿萨德','qq@qq.com','a','1','0','1452019144','18'),
('33','阿萨德','qq@qq.com','a','1','0','1452019181','18'),
('34','22','asdasd@qq.com','222','1','0','1452019200','18'),
('35','asdasd','qq@qq.com','asd sd ','1','0','1452019244','18'),
('36','qq@qq.com','qq@qq.com','asd ','1','0','1452019299','18'),
('37','asdasd','asdasd@qq.com','asd asd ','1','0','1452019339','18'),
('38','111','xx@qq.com','asdasdasd','13','0','1453393489','13'),
('39','111','xx@qq.com','asdasd','13','0','1453393498','13'),
('40','MonkeyCode','731371050@qq.com','asdasd','1','0','1453393513','13'),
('41','asdasd','asdasd@qq.com','asdasd','0','0','1453393529','13'),
('42','MonkeyCode','731371050@qq.com','123','1','0','1454678768','13');-- <xjx> --

-- 表的数据：blog_email_set --
INSERT INTO `blog_email_set` VALUES
('1','smtp.163.com','25','zhaodong1475@163.com','zhaodong1475@163.com','zxc123456','0','0','0','0','0');-- <xjx> --

-- 表的数据：blog_email_type --
INSERT INTO `blog_email_type` VALUES
('1','恭喜您注册本站','<p></p><p>123asdasd</p><p><br/></p><p><br/></p><p><strong>111阿萨德阿萨德阿萨德阿萨德</strong><br/></p><p></p>','有人注册本网站了','<p></p><p>撒的阿萨德阿萨德撒的阿萨德<br/></p><p></p>','有人发表文章了呦','<p></p><p>阿萨德按时打算打算的阿萨德阿萨德<img src=\"http://img.baidu.com/hi/bobo/B_0004.gif\" _src=\"http://img.baidu.com/hi/bobo/B_0004.gif\"/></p><p></p>','亲爱的管理员 有人评论文章了呦11122','<p></p><p></p><p></p><p>阿萨德很卡金士顿贺卡上接电话卡接收到华盛顿安达市安达市阿萨德111122</p><p></p><p></p><p></p>','亲爱的管理员有用户留言了啊！','<p></p><p>9<img src=\"http://img.baidu.com/hi/jx2/j_0002.gif\" _src=\"http://img.baidu.com/hi/jx2/j_0002.gif\"/></p><p>阿萨德安静收<strong>到货卡收到后卡萨达加</strong></p><p><strong>阿萨德阿萨德阿萨德安达</strong>市</p><p>阿萨德那就是的很快就阿萨德阿萨德阿萨德<br/></p><p></p>');-- <xjx> --

-- 表的数据：blog_fenlei --
INSERT INTO `blog_fenlei` VALUES
('1','技术','0','2'),
('2','PHP','1','1'),
('3','音乐','0','1'),
('4','电影','0','1'),
('5','心情','0','1'),
('8','Css','1','1'),
('10','音乐分享','3','2'),
('11','电影赏评','4','3'),
('12','心灵之声','5','4'),
('17','111','16','1'),
('15','asdasd','14','1');-- <xjx> --

-- 表的数据：blog_friendlink --
INSERT INTO `blog_friendlink` VALUES
('1','斗图啊','斗图啊是一个在线制作搞笑表情的网站','1454596882','http://www.doutua.com/','info'),
('2','百度搜索','这是百度的搜索','1454597675','http://www.baidu.com/','danger'),
('3','斗图啊','斗图啊是一个在线制作搞笑表情的网站','1454596882','http://www.doutua.com/','info'),
('4','斗图啊','斗图啊是一个在线制作搞笑表情的网站','1454596882','http://www.doutua.com/','info'),
('5','百度搜索','这是百度的搜索','1454597675','http://www.baidu.com/','danger'),
('6','百度搜索','这是百度的搜索','1454597675','http://www.baidu.com/','danger'),
('7','百度搜索','这是百度的搜索','1454597675','http://www.baidu.com/','danger'),
('8','百度搜索','这是百度的搜索','1454597675','http://www.baidu.com/','danger'),
('9','百度搜索','这是百度的搜索','1454597675','http://www.baidu.com/','danger'),
('10','百度搜索','这是百度的搜索','1454597675','http://www.baidu.com/','danger'),
('11','百度搜索','这是百度的搜索','1454597675','http://www.baidu.com/','danger'),
('12','百度搜索','这是百度的搜索','1454597675','http://www.baidu.com/','danger'),
('13','百度搜索','这是百度的搜索','1454597675','http://www.baidu.com/','danger'),
('14','百度搜索','这是百度的搜索','1454597675','http://www.baidu.com/','danger'),
('15','百度搜索','这是百度的搜索','1454597675','http://www.baidu.com/','danger'),
('16','百度搜索','这是百度的搜索','1454597675','http://www.baidu.com/','danger'),
('17','百度搜索','这是百度的搜索asd asd asd asd asd asd asd asd asd asd asd asd asd asd ','1454597675','http://www.baidu.com/','danger'),
('18','百度搜索','这是百度的搜索','1454597675','http://www.baidu.com/','danger'),
('19','百度搜索','这是百度的搜索','1454597675','http://www.baidu.com/','danger'),
('20','百度搜索','这是百度的搜索','1454597675','http://www.baidu.com/','danger'),
('21','百度搜索','这是百度的搜索','1454597675','http://www.baidu.com/','danger'),
('22','百度搜索','这是百度的搜索','1454597675','http://www.baidu.com/','danger');-- <xjx> --

-- 表的数据：blog_gonggao --
INSERT INTO `blog_gonggao` VALUES
('1','阿萨德撒的111111111111','啊实打实的阿萨德撒的1111111','0'),
('2','阿萨德阿萨德阿萨德',' 撒的阿萨德阿萨德阿萨德阿萨德阿萨德奥迪阿萨德阿萨德撒的撒的1111111111','0');-- <xjx> --

-- 表的数据：blog_jingli --
INSERT INTO `blog_jingli` VALUES
('1','0','admin','21218cca77804d2ba1922c33e0151105','888888');-- <xjx> --

-- 表的数据：blog_liuyan --
INSERT INTO `blog_liuyan` VALUES
('1','#18A689','127.0.0.1','这里是一个留言','阿萨大环境喀什很快就电话卡坚实的还款吉安市活动空间按时活动就卡死还款时接电话阿贾克斯的话卡收到后卡收到后卡收到后卡收到后卡收到后喀什的','1438797152',''),
('3','#1A7BB9','127.0.0.1','这里是一个留言','阿萨大环境喀什很快就电话卡坚实的还款吉安市活动空间按时活动就卡死还款时接电话阿贾克斯的话卡收到后卡收到后卡收到后卡收到后卡收到后喀什的','1438797368',''),
('4','#21B9BB','127.0.0.1','阿萨德阿萨德阿萨德','阿萨德阿萨德阿萨德阿萨德阿萨德阿萨德阿萨德阿萨德阿萨德阿萨德阿萨德阿萨德阿萨德阿萨德阿萨德阿萨德阿萨德阿萨德阿萨德阿萨德阿萨德阿萨德阿萨德阿萨德阿萨德阿萨德阿萨德阿萨德阿萨德阿萨德阿萨德阿萨德阿萨德阿','1438797382',''),
('5','#EC4758','127.0.0.1','阿萨德阿萨德阿萨德阿萨德阿萨德','是的阿萨德阿萨德阿萨德奥迪阿萨德','1438797507',''),
('6','#F7A54A','127.0.0.1','阿萨德阿萨德阿萨德阿萨德','阿萨德阿萨德阿萨德奥迪阿萨德阿萨德','1438797515',''),
('7','#21B9BB','127.0.0.1','测试一个留言','\r\n\r\n    不允许发送带有辱骂信息\r\n    不允许发送广告\r\n    不允许发送人身攻击\r\n    不允许做无聊的事情\r\n    如果觉得他人不错 就鼓励一下吧\r\n    本功能不设置验证码，但','1438797697','Monkey Code'),
('9','#18A689','127.0.0.1','123','123','1448975465','123'),
('13','#18A689','127.0.0.1','啊asdasd','asdasd','1452011246','asdasd'),
('11','#000000','127.0.0.1','asdasd','asdasd','1448975679','asdasd'),
('14','#000000','127.0.0.1','asdasd','asdasd','1452011296','asdasd'),
('15','#18A689','127.0.0.1','asdasd','asdasd','1452011328','asdasd'),
('16','#F7A54A','127.0.0.1','asdasd','asdasd','1452011416','asdasd'),
('17','#18A689','127.0.0.1','asdasd','asdasd','1452011443','asdasd'),
('18','#000000','127.0.0.1','asdasd','asdasd','1452011497','asdasd'),
('19','#000000','127.0.0.1','asdasd','asdasd','1452011575','asdasd'),
('20','#1A7BB9','127.0.0.1','asdasd','asdasd','1452011754','asdasd'),
('21','#F7A54A','127.0.0.1','asdasd','asdasd','1452011987','asdasd'),
('22','#21B9BB','127.0.0.1','asdasd','asdasd','1452012022','asdasd'),
('23','#18A689','127.0.0.1','asdasd','asdasd','1452012608','asdasd'),
('24','#F7A54A','127.0.0.1','asdasd','asdasd','1452012709','asdasd'),
('25','#EC4758','127.0.0.1','asdasd','asdasd','1452012755','asdasd'),
('26','#21B9BB','127.0.0.1','asdasd','asdasd','1452012798','asdasd'),
('27','#EC4758','127.0.0.1','asdasd','asdasd','1452012842','asdasd'),
('28','#EC4758','127.0.0.1','asdasd','asdasd','1452012919','asdasd'),
('29','#EC4758','127.0.0.1','asdasd','asdasd','1452013123','asdasd'),
('30','#EC4758','127.0.0.1','asdasd','asdasd','1452013563','asdasd'),
('31','#000000','127.0.0.1','asdasd','asdasd','1452013579','asdasd'),
('32','#000000','127.0.0.1','asdasd','asdasd','1452013691','asdasd'),
('33','#18A689','127.0.0.1','asdasd','asdasd','1452013711','asdasd'),
('34','#000000','127.0.0.1','asdasd','asdasd','1452013764','asdasd'),
('35','#000000','127.0.0.1','asdasd','asdasd','1452013809','asdasd'),
('36','#21B9BB','127.0.0.1','asdasd','asdasd','1452013826','asdasd'),
('37','#1A7BB9','127.0.0.1','asdasd','asdasd','1452013845','asdasd'),
('38','#1A7BB9','127.0.0.1','asdasd','asdasd','1452013903','asdasd'),
('39','#1A7BB9','127.0.0.1','asdasd','asdasd','1452013957','asdasd'),
('40','#F7A54A','127.0.0.1','asdasd','asdasd','1452014010','asdasd'),
('41','#F7A54A','127.0.0.1','asdasd','asdasd','1452014043','asdasd'),
('42','#18A689','127.0.0.1','asdasd','asdasd','1452017472','asdasd'),
('43','#000000','127.0.0.1','asdsad','asdasd','1452018845','asdasd'),
('44','#000000','127.0.0.1','aaaaaaaaaaaaaaaaaaaaaaaaaaaaaa','aaaaaaaaaaaaaaaaaaaaaaaaaaaaaaaaaaaaaaaaaaaaaaaaaaaaaaaaaaaaaaaaaaaaaaaaaaaaaaaaaaaaaaaaaaaaaaaaaaaa','1453394084','aaaaaaaaaaaaaaaaaaaa'),
('45','#F7A54A','127.0.0.1','aaaaaaaaaaaaaaaaaaaaaaaaaaaaaa','aaaaaaaaaaaaaaaaaaaaaaaaaaaaaaaaaaaaaaaaaaaaaaaaaaaaaaaaaaaaaaaaaaaaaaaaaaaaaaaaaaaaaaaaaaaaaaaaaaaa','1453394100','aaaaaaaaaaaaaaaaaaaa'),
('46','#000000','127.0.0.1','阿斯顿和看书的嘉实多','阿斯顿和看书的嘉实多阿斯顿和看书的嘉实多阿斯顿和看书的嘉实多阿斯顿和看书的嘉实多阿斯顿和看书的嘉实多阿斯顿和看书的嘉实多阿斯顿和看书的嘉实多阿斯顿和看书的嘉实多阿斯顿和看书的嘉实多阿斯顿和看书的嘉实多','1453394326','阿斯顿和看书的嘉实多阿斯顿和看书的嘉实多');-- <xjx> --

-- 表的数据：blog_site --
INSERT INTO `blog_site` VALUES
('1','里程密开源博客系统','里程密|ThinkPHP开源博客系统456','&lt;script type=&quot;text/javascript&quot;&gt;var cnzz_protocol = ((&quot;https:&quot; == document.location.protocol) ? &quot; https://&quot; : &quot; http://&quot;);document.write(unescape(&quot;%3Cspan id=\'cnzz_stat_icon_1256104530\'%3E%3C/span%3E%3Cscript src=\'&quot; + cnzz_protocol + &quot;s11.cnzz.com/stat.php%3Fid%3D1256104530\' type=\'text/javascript\'%3E%3C/script%3E&quot;));&lt;/script&gt;','2015-12-02/565dc606b3238.jpg','1','0','731371050@qq.com','阿萨德阿萨德1','里程密','<script type=\"text/javascript\">var cnzz_protocol = ((\"https:\" == document.location.protocol) ? \" https://\" : \" http://\");document.write(unescape(\"%3Cspan id=\'cnzz_stat_icon_1256104530\'%3E%3C/span%3E%3Cscript src=\'\" + cnzz_protocol + \"s11.cnzz.com/stat.php%3Fid%3D1256104530\' type=\'text/javascript\'%3E%3C/script%3E\"));</script>');-- <xjx> --

-- 表的数据：blog_slides --
INSERT INTO `blog_slides` VALUES
('1','测试幻灯片','2015-12-01/565d948a5b0b1.jpg','http://www.baidu.com/','1448973450'),
('2','啊实打实的阿萨德啊啊','2015-12-01/565d9a34c1528.jpg','http://www.baidu.com/','1448974109');-- <xjx> --

-- 表的数据：blog_user --
INSERT INTO `blog_user` VALUES
('1','731371050@qq.com','e10adc3949ba59abbe56e057f20f883e','1438876696','1454678746','127.0.0.1','0','MonkeyCode','0'),
('2','7313710150@qq.com','7555051b6d8a2dca27a29f9cb0d2e3a6','1438876849','0','127.0.0.1','0','asdasdasd','0'),
('3','73137105120@qq.com','39ee488c7696d8f3ee3456218666a3c9','1439019702','0','127.0.0.1','0','admin','0'),
('4','12@qq.com','9fe8593a8a330607d76796b35c64c600','1448987693','0','127.0.0.1','0','678','0'),
('5','456@qq.com','49f0bad299687c62334182178bfd75d8','1448987973','0','127.0.0.1','0','asd','0'),
('6','qqq@qq.com','7815696ecbf1c96e6894b779456d330e','1448988041','0','127.0.0.1','0','aaaaaa','0'),
('7','22@qq.com','b6d767d2f8ed5d21a44b0e5886680cb9','1448988121','0','127.0.0.1','0','22','0'),
('8','qq@qq.com','202cb962ac59075b964b07152d234b70','1450795590','0','127.0.0.1','0','123','0'),
('9','731371012350@qq.com','4297f44b13955235245b2497399d7a93','1452020081','0','127.0.0.1','0','123123123','0'),
('10','7313711012350@qq.com','202cb962ac59075b964b07152d234b70','1452020105','0','127.0.0.1','0','1231231232','0'),
('11','asdxsad@qq.com','4297f44b13955235245b2497399d7a93','1452020148','0','127.0.0.1','0','321ss','0'),
('12','123@123.com','202cb962ac59075b964b07152d234b70','1453392488','0','127.0.0.1','1','1231231231111','0');-- <xjx> --

-- 表的数据：blog_userinfo --
INSERT INTO `blog_userinfo` VALUES
('3','default.png','','','','','','','','','','','','','','','','','','','','','','',''),
('1','UserPic/1_big.jpg','逗比,123123123不装逼会死星人,照镜子会被自己迷住,帅比','本人学识渊博、经验丰富，代码风骚、效率恐怖，c/c++、java、php无不精通，熟练掌握各种框架，深山苦练20年，一天只睡3个小时，电话通知出bug后秒登vpn，千里之外定位问题，瞬息之间修复上线，本人身体强壮，健步如飞，可连续编程100小时不休息，讨论技术方案5小时不喝水，上至带项目、出方案，下至盗账号、威胁pm，学校不支持编程已辍学，家人不支持编程已断绝关系，老婆不支持编程已离婚，小孩不支持编程已送孤儿院，备用电源百兆光纤永不断电断网，门口已埋雷无人打扰， 现本人求一份it公司端茶递水工作','一个想法会有很多人想到并且去做 而你成功的重点在于没有人想比你把这件事做的更好！','撸管','打屁','PHP写代码','睡觉','可以360度花式撸管，曾经运用360无死角撸管招式或者吉尼斯撸管大赛冠军。','最喜欢的就是扯皮了，小嘴啪啪啪的不停，一个矿泉水，一包瓜子，别提多开心了。','PHP是什么？PHP顾名思义，就是拍黄片的意思，好了，说正经的，PHP是一门语言，讲究说学逗唱...........','睡觉是世界上最舒服的事情，当然了。无论两个人睡，或者一个人睡，都挺舒服的，两个人可以你懂得，一个人可以睡懒觉。想想都爽啊~','百度','谷歌','Facebook','YouTube','百度是我做的，百度是我做的，百度是我做的，百度是我做的，百度是我做的，百度是我做的，百度是我做的，百度是我做的，百度是我做的，百度是我做的，百度是我做的，百度是我做的，百度是我做的','谷歌也是我做的，谷歌也是我做的，谷歌也是我做的，谷歌也是我做的谷歌也是我做的谷歌也是我做的谷歌也是我做的，谷歌也是我做的，','Facebook是我的，Facebook是我的，Facebook是我的，Facebook是我的，Facebook是我的，Facebook是我的，Facebook是我的，Facebo','YouTube是我的，YouTube是我的，YouTube是我的，YouTube是我的，YouTube是我的，YouTube是我的，YouTube是我的，YouTube是我的，Yo','','如果一个男人把撸管的时间放在奋斗上，那么一定有女人愿意帮你撸管。','长的特别帅，人品也非常好，学识渊博，经验丰富，代码风骚，效率恐怖....我说完了，能把枪拿开了么？','长的帅这个就不用说了，主要是特别有气质，真想嫁给他，给他生一堆小猴子，我也说完了，能把坦克开走了么？'),
('4','default.png','','','','','','','','','','','','','','','','','','','','','','',''),
('5','default.png','','','','','','','','','','','','','','','','','','','','','','',''),
('6','default.png','','','','','','','','','','','','','','','','','','','','','','',''),
('7','default.png','','','','','','','','','','','','','','','','','','','','','','',''),
('8','default.png','','','','','','','','','','','','','','','','','','','','','','',''),
('9','default.png','','','','','','','','','','','','','','','','','','','','','','',''),
('10','default.png','','','','','','','','','','','','','','','','','','','','','','',''),
('11','default.png','','','','','','','','','','','','','','','','','','','','','','',''),
('12','default.png','','','','','','','','','','','','','','','','','','','','','','',''),
('13','default.png','','','','','','','','','','','','','','','','','','','','','','','');-- <xjx> --

